object_id,passband,tau_in,SF_in,tau_out,SF_out
1658030,u,1651.24,0.198,1650.838788155148,0.1980638824112358
1658030,g,1651.24,0.176,36.44328265755475,115.29298460763711
1658030,r,1651.24,0.156,73.3097346000493,115.25942099266777
1658030,i,1651.24,0.142,79.37842612506635,122.89866854642847
1658030,z,1651.24,0.132,71.73032164195764,117.33610695583539
1658030,y,1651.24,0.124,76.71184418668211,114.60975752306564
2204069,u,252.04,0.187,23.429132166782136,53.46507930541745
2204069,g,252.04,0.165,62.23626354432871,88.62747635059904
2204069,r,252.04,0.147,18.242000707876873,75.0630678952508
2204069,i,252.04,0.133,14.843744042475656,71.3767894755519
2204069,z,252.04,0.124,33.901524515693886,123.3332254086405
2204069,y,252.04,0.117,27.580664271740872,123.04305793561342
2379457,u,117.41,0.549,54.68472931937186,16.387469211593785
2379457,g,117.41,0.486,23.430090302937916,15.287541757450995
2379457,r,117.41,0.431,11.500991754009416,15.522870521426459
2379457,i,117.41,0.392,75.51965464504211,25.654281792338633
2379457,z,117.41,0.365,28.727088265315373,41.79101908338814
2379457,y,117.41,0.343,4.935108188002098,24.423231773201938
2585803,u,140.99,0.348,102.31848732885061,63.204276968210245
2585803,g,140.99,0.308,102.74262093312863,69.30380104553062
2585803,r,140.99,0.273,79.3638426483187,67.04811844014569
2585803,i,140.99,0.248,73.69555799929577,66.825626869261
2585803,z,140.99,0.232,56.396505631528825,61.771206676856075
2585803,y,140.99,0.217,136.32990367065057,71.71615837105793
2779844,u,197.2,0.422,19.369847326958727,43.961282532835604
2779844,g,197.2,0.374,52.23711902294409,74.81703377591249
2779844,r,197.2,0.331,103.74886348638654,66.53328543639347
2779844,i,197.2,0.301,49.3898453469124,75.34430902143951
2779844,z,197.2,0.281,66.18442651173379,83.71328749779182
2779844,y,197.2,0.263,191.5647745661643,96.72744474470962
3112287,u,366.12,0.373,32.78690319323913,33.95128933681289
3112287,g,366.12,0.33,78.47715728990663,27.19737507925221
3112287,r,366.12,0.293,162.5561516416236,45.99505092350454
3112287,i,366.12,0.266,113.45837662384055,40.67194891615204
3112287,z,366.12,0.249,69.1217815012333,39.11474892074796
3112287,y,366.12,0.233,57.41135811261187,25.21825410310003
3683797,u,192.67,0.466,172.7469317558272,199.99999999999994
3683797,g,192.67,0.412,109.85965195952231,199.99999999999994
3683797,r,192.67,0.365,193.78556345938682,199.99999999999994
3683797,i,192.67,0.332,93.18200601159589,199.99999999999994
3683797,z,192.67,0.31,107.61123026855353,199.99999999999994
3683797,y,192.67,0.291,101.7596981293338,199.99999999999994
3797431,u,483.62,0.27,45.11913981234472,113.0310310437867
3797431,g,483.62,0.239,235.1977398179393,184.58550941364427
3797431,r,483.62,0.212,99.50451863927408,101.5201588178689
3797431,i,483.62,0.193,49.64822882493104,70.54567172470881
3797431,z,483.62,0.18,80.08552656066593,107.50282320810317
3797431,y,483.62,0.169,129.30002165934664,140.89575730879133
4137934,u,328.48,0.289,16.24891419361141,28.087123650083853
4137934,g,328.48,0.256,7.78191752087197,22.010392166308442
4137934,r,328.48,0.227,26.975104610382722,27.685777562423958
4137934,i,328.48,0.206,23.45777420298735,27.028366857303002
4137934,z,328.48,0.193,10.461362571695911,21.377428829469928
4137934,y,328.48,0.181,30.1084952682028,26.729461500465845
4402965,u,266.88,0.266,148.62209285994058,37.22937775813297
4402965,g,266.88,0.235,140.58277693802083,34.806649848666616
4402965,r,266.88,0.208,279.49325253947717,41.00830462943624
4402965,i,266.88,0.189,201.856689658142,52.79994893837339
4402965,z,266.88,0.177,215.3131905473882,45.46049357802769
4402965,y,266.88,0.166,220.37904167169972,48.418624756351406
4546786,u,863.59,0.189,56.201480036026325,199.99999999999994
4546786,g,863.59,0.167,50.564035939688914,199.99999999999994
4546786,r,863.59,0.148,77.48693102481161,199.99999999999994
4546786,i,863.59,0.134,74.59434347263054,199.99999999999994
4546786,z,863.59,0.126,99.88069855212974,199.99999999999994
4546786,y,863.59,0.118,95.71251843798515,199.99999999999994
4718501,u,218.88,0.201,218.87999999999994,0.201
4718501,g,218.88,0.178,218.88622103220354,0.17805363416045858
4718501,r,218.88,0.158,28.729962296896673,199.99999999999994
4718501,i,218.88,0.143,108.40301485403799,199.99999999999994
4718501,z,218.88,0.134,80.32190866149865,199.99999999999994
4718501,y,218.88,0.125,80.50102090415854,199.99999999999994
4966507,u,369.81,0.405,110.701251097434,23.003856189969866
4966507,g,369.81,0.358,254.4038022560901,24.626657579064027
4966507,r,369.81,0.318,75.84014724139264,21.49667906575274
4966507,i,369.81,0.289,49.715224614122704,21.92762231238484
4966507,z,369.81,0.269,141.28696605228427,17.903189129955035
4966507,y,369.81,0.253,1.0,23.058185689602954
6660231,u,246.7,0.589,159.00147205182375,21.30959779230242
6660231,g,246.7,0.521,163.4338954726555,25.046420669941885
6660231,r,246.7,0.462,206.0429365798971,19.12842727897103
6660231,i,246.7,0.42,289.288410087712,18.289858822123474
6660231,z,246.7,0.392,120.98915489932956,20.00715639517891
6660231,y,246.7,0.367,260.3960260963866,30.49790885956386
6777396,u,552.88,0.364,93.1742286772728,36.19060381234471
6777396,g,552.88,0.322,84.298618843046,40.502758346505814
6777396,r,552.88,0.286,74.6786651392036,35.03201084762513
6777396,i,552.88,0.26,79.10915810190582,27.322034342724248
6777396,z,552.88,0.243,211.81249212113724,40.21285293541363
6777396,y,552.88,0.227,264.4296482475143,24.410575840321684
7284232,u,273.04,0.514,1.842882061225766,14.045635347022722
7284232,g,273.04,0.455,49.40789289960996,9.594986040700848
7284232,r,273.04,0.403,63.58338842134108,9.986459710094863
7284232,i,273.04,0.366,3.0084988630749097,13.586774042317172
7284232,z,273.04,0.342,220.9919267508179,28.48059239615833
7284232,y,273.04,0.321,201.42571301250632,43.33331406681422
7285136,u,387.36,0.413,1.0,15.134757773818766
7285136,g,387.36,0.365,18.3182739590678,25.217356013284626
7285136,r,387.36,0.324,50.259827962462694,18.595894839030077
7285136,i,387.36,0.294,32.25744386042,23.638666002207266
7285136,z,387.36,0.275,70.51623146073277,26.221358823836585
7285136,y,387.36,0.257,38.1339711225478,41.78376026484274
10552582,u,281.56,0.271,281.54879683971234,0.2710206043910802
10552582,g,281.56,0.24,104.36697057368751,41.61480749070719
10552582,r,281.56,0.213,88.96303535059648,49.186107623903254
10552582,i,281.56,0.193,49.00928520160991,41.01847944396447
10552582,z,281.56,0.181,32.817319614974494,46.758964698935365
10552582,y,281.56,0.169,54.51768864530251,55.07340067323737
10818211,u,210.62,0.368,60.717097279673034,12.18989987895194
10818211,g,210.62,0.325,22.210707010100982,7.096939908516022
10818211,r,210.62,0.288,23.296569388154836,18.771405098290884
10818211,i,210.62,0.262,36.80882717410895,10.54004869336863
10818211,z,210.62,0.245,20.928613502248417,17.506588178030444
10818211,y,210.62,0.229,55.076204080966455,22.996085863516363
10840631,u,551.91,0.138,551.9100000000001,0.13800000000000004
10840631,g,551.91,0.122,551.9100000000001,0.12200000000000001
10840631,r,551.91,0.108,551.9052941523385,0.10802118193492086
10840631,i,551.91,0.098,551.9052941523385,0.09800710284261727
10840631,z,551.91,0.092,551.9037255453674,0.09201045978369256
10840631,y,551.91,0.086,551.9100000000001,0.08599999999999998
10916426,u,588.08,0.295,83.60808956836334,45.60672526712271
10916426,g,588.08,0.261,138.35151877931884,36.76100142484369
10916426,r,588.08,0.232,115.3975402409451,36.44997828448588
10916426,i,588.08,0.211,104.4758993697874,34.35109490411922
10916426,z,588.08,0.197,111.69576972835685,34.06364631769589
10916426,y,588.08,0.184,42.00078003549266,45.04825093052704
11190879,u,258.99,0.536,7.015897667972051,27.134658348045036
11190879,g,258.99,0.474,315.4070527158046,21.855862379479174
11190879,r,258.99,0.42,218.20911806088725,21.303766123055006
11190879,i,258.99,0.382,419.46566060768095,22.68011849125774
11190879,z,258.99,0.357,256.4545002316627,28.65837330729973
11190879,y,258.99,0.334,265.9090360195025,31.591838196590746
11225240,u,205.55,0.346,205.5462026815104,0.3460413048936532
11225240,g,205.55,0.306,205.54868553566087,0.30598260640808317
11225240,r,205.55,0.271,13.172627608756033,62.92480294709785
11225240,i,205.55,0.247,159.42180086567762,199.99999999999994
11225240,z,205.55,0.23,106.74620015157504,199.99999999999994
11225240,y,205.55,0.216,82.21761732451361,199.99999999999994
11484152,u,244.54,0.457,143.61457190043564,33.021821554950044
11484152,g,244.54,0.404,112.87043194021577,40.68523762913557
11484152,r,244.54,0.359,91.84811736308956,36.73578637395914
11484152,i,244.54,0.326,80.98700402653151,32.785716279580335
11484152,z,244.54,0.304,146.62990226545588,39.83428218185118
11484152,y,244.54,0.285,79.27079914356905,37.00367264116022
11688781,u,132.31,0.402,23.451147124923544,18.058660890364507
11688781,g,132.31,0.356,11.375460042758414,25.192592882704083
11688781,r,132.31,0.316,14.30001404906266,22.396146408719257
11688781,i,132.31,0.287,28.11612484617277,22.210258493103876
11688781,z,132.31,0.268,16.44307909382839,17.079954469098414
11688781,y,132.31,0.251,1.3796854722842018,31.713753817028508
12138847,u,42.9725,0.558,23.316820900296538,71.99263706770655
12138847,g,42.9725,0.494,23.918696907020724,52.158481457601695
12138847,r,42.9725,0.438,28.67965653404561,59.00771742026267
12138847,i,42.9725,0.398,47.74502439585143,79.34286457666147
12138847,z,42.9725,0.371,18.071670392696507,72.59770503219893
12138847,y,42.9725,0.348,23.389276209855158,89.17540632959795
12196194,u,196.66,0.443,1.618233923284828,41.612174260872685
12196194,g,196.66,0.392,42.986677442631,44.544043059609294
12196194,r,196.66,0.347,28.71892791518269,40.26720950984939
12196194,i,196.66,0.316,129.48322555578216,82.59256216171956
12196194,z,196.66,0.295,76.94324594308141,87.76472530077528
12196194,y,196.66,0.276,54.97751289138596,64.59562957500347
12283850,u,317.41,0.536,174.45934546420133,22.289578689298132
12283850,g,317.41,0.475,162.3195548547848,25.474097776881713
12283850,r,317.41,0.421,142.6527011580192,21.290121928798072
12283850,i,317.41,0.382,102.2650982271479,23.051996490495373
12283850,z,317.41,0.357,226.3849102081046,28.13418440214856
12283850,y,317.41,0.335,20.642612735434227,26.0429406043899
12706059,u,433.27,0.222,91.49770417608588,85.59927738996936
12706059,g,433.27,0.196,56.52371177688043,85.43441260287571
12706059,r,433.27,0.174,43.114928052562284,93.73211187500021
12706059,i,433.27,0.158,124.26117626542545,99.74782165897716
12706059,z,433.27,0.148,49.80180533151483,89.38490325313248
12706059,y,433.27,0.138,86.42386000706557,85.30432873119193
14180741,u,653.79,0.244,43.367678731719664,58.51272021967118
14180741,g,653.79,0.216,103.68047108326029,57.271340409396956
14180741,r,653.79,0.192,204.5827091388584,85.41569942164679
14180741,i,653.79,0.174,111.82792569993343,82.48142542679007
14180741,z,653.79,0.162,118.54208677213998,69.68963416594072
14180741,y,653.79,0.152,99.58350482946578,80.13984911890265
15173836,u,195.15,0.257,333.0474450021035,44.18763866694244
15173836,g,195.15,0.227,166.4060427813896,42.9165882845945
15173836,r,195.15,0.202,205.6017320391882,40.60409699636036
15173836,i,195.15,0.183,253.59254281622515,36.58209818825999
15173836,z,195.15,0.171,140.1365250377884,41.252326721537834
15173836,y,195.15,0.16,224.98055269377474,48.57416553099202
15208766,u,196.72,0.507,342.962505860423,22.286409893360428
15208766,g,196.72,0.449,11.184624463390339,15.272419682340491
15208766,r,196.72,0.398,1.5325703702338367,12.415409945515828
15208766,i,196.72,0.362,426.8662684806451,53.98973290484817
15208766,z,196.72,0.338,205.43262034703383,27.48062063559727
15208766,y,196.72,0.317,161.61042742173316,33.87975583705626
16241872,u,176.86,0.641,285.85787477297913,116.06213309316033
16241872,g,176.86,0.567,269.9709894388062,99.6619564617035
16241872,r,176.86,0.503,209.34099810828457,86.1444825634737
16241872,i,176.86,0.457,230.43887856597885,92.61209943595368
16241872,z,176.86,0.427,218.89249806518103,125.70221863630951
16241872,y,176.86,0.4,138.6533836350376,114.3603594983634
16598333,u,638.69,0.33,333.275854254393,0.014803093717916918
16598333,g,638.69,0.292,75.00882213635428,13.13842935779301
16598333,r,638.69,0.259,37.5822532435551,13.474887718249784
16598333,i,638.69,0.235,62.209466925715894,12.011653053579755
16598333,z,638.69,0.219,113.85261904640464,9.196589589241126
16598333,y,638.69,0.206,581.8704621582328,0.02245685659846714
17198090,u,101.29,0.268,73.39764781270858,51.38321745076534
17198090,g,101.29,0.237,48.324384986358965,55.1436726996953
17198090,r,101.29,0.21,55.48437085113518,47.91166734981755
17198090,i,101.29,0.191,59.271385507935754,54.27178316372944
17198090,z,101.29,0.178,83.27417793876116,60.83589028195661
17198090,y,101.29,0.167,104.89240199204032,62.25370815677716
17865751,u,154.37,0.192,14.605502137791934,199.99999999999994
17865751,g,154.37,0.17,15.034871800281385,199.99999999999994
17865751,r,154.37,0.15,20.28862485416331,199.99999999999994
17865751,i,154.37,0.137,13.73424916691708,199.99999999999994
17865751,z,154.37,0.128,25.61634262680734,199.99999999999994
17865751,y,154.37,0.12,26.413528371486738,199.99999999999994
18210617,u,1039.36,0.204,1039.2595675331481,0.204053058862054
18210617,g,1039.36,0.181,76.60497940100905,110.97331636455039
18210617,r,1039.36,0.16,69.01110850533713,126.09488756980431
18210617,i,1039.36,0.145,107.24514708107804,99.1850684678886
18210617,z,1039.36,0.136,135.38882445235976,66.66537389460005
18210617,y,1039.36,0.127,143.11887375649022,146.21487616704331
18604382,u,100.29,0.576,38.08020168119342,68.2669706083546
18604382,g,100.29,0.509,56.59501197367875,58.264262688569616
18604382,r,100.29,0.452,57.54231975373544,46.70492802502421
18604382,i,100.29,0.41,55.27370862902481,48.19554091652778
18604382,z,100.29,0.383,60.34577448913343,50.447958894227476
18604382,y,100.29,0.359,44.81104195702165,69.77331971805556
19020589,u,759.96,0.204,759.9599999999999,0.204
19020589,g,759.96,0.18,39.4537734503563,108.22451123259616
19020589,r,759.96,0.16,43.329078323020276,94.61316449904325
19020589,i,759.96,0.145,105.8322359085582,112.26277219972786
19020589,z,759.96,0.135,759.9513603041389,0.13504873781668209
19020589,y,759.96,0.127,759.9384009445128,0.12702238122603304
19140211,u,2513.15,0.169,2250.6162719796475,0.024562417436729697
19140211,g,2513.15,0.149,662.3538193859858,104.22630097428228
19140211,r,2513.15,0.132,71.32954189999823,38.10529910343152
19140211,i,2513.15,0.12,35.810272320642305,29.443725325185916
19140211,z,2513.15,0.112,2512.546505706853,0.11197294580052743
19140211,y,2513.15,0.105,2512.9714362952104,0.10503731012107059
20033231,u,522.62,0.237,858.6214568946277,0.017843102511721148
20033231,g,522.62,0.209,29.924981332271848,6.70449542152804
20033231,r,522.62,0.186,81.07127644062734,12.919901825064901
20033231,i,522.62,0.169,190.31914694269148,0.01106286194500709
20033231,z,522.62,0.158,14.990707347045909,16.568059298249096
20033231,y,522.62,0.148,522.5954918807785,0.14800673041386472
20102357,u,1027.51,0.408,79.0747215352473,42.117242542299756
20102357,g,1027.51,0.361,76.22651990364409,43.415910407186686
20102357,r,1027.51,0.32,134.21472954759065,38.085447932268984
20102357,i,1027.51,0.291,140.19139990731475,37.89096031362499
20102357,z,1027.51,0.272,134.50237365784278,46.191505622687444
20102357,y,1027.51,0.255,111.51205245299364,41.109345505431314
20205676,u,198.47,0.303,159.46989157168136,70.1014471824888
20205676,g,198.47,0.268,384.8368964470359,69.83852057261798
20205676,r,198.47,0.238,159.41903169622003,74.30729183188876
20205676,i,198.47,0.216,225.8943163161317,63.83488419287763
20205676,z,198.47,0.202,259.7728737152162,61.31963862619144
20205676,y,198.47,0.189,123.05916738983603,47.04280662557193
20291207,u,240.74,0.317,199.1477001985355,60.96822621138104
20291207,g,240.74,0.28,224.83551213663,57.97027365218812
20291207,r,240.74,0.248,313.64412652879895,69.57107153695037
20291207,i,240.74,0.226,173.06539821433532,61.62718837868657
20291207,z,240.74,0.211,121.27050816216124,61.6439824403984
20291207,y,240.74,0.197,150.73051353980162,64.60797233263057
20332012,u,259.24,0.626,20.762293345777667,35.05945505754477
20332012,g,259.24,0.554,42.088124080682746,27.740845336787423
20332012,r,259.24,0.491,26.323880178143607,29.778559097256274
20332012,i,259.24,0.447,43.357527592003535,28.892067930373162
20332012,z,259.24,0.417,33.545766362194776,46.20280415256345
20332012,y,259.24,0.391,5.976589084534526,30.22832391525655
20546536,u,452.87,0.25,99.14181378828283,161.21238321715416
20546536,g,452.87,0.221,65.05243492178477,185.36647040981387
20546536,r,452.87,0.196,97.58366462704466,199.99999999999994
20546536,i,452.87,0.178,184.4114583171832,199.99999999999994
20546536,z,452.87,0.166,181.89400366848997,199.99999999999994
20546536,y,452.87,0.156,174.46319745368368,199.99999999999994
21635777,u,1013.06,0.418,8.892051271369574,19.63474564469111
21635777,g,1013.06,0.37,98.91502649774675,14.384477531284157
21635777,r,1013.06,0.328,79.01368351599358,13.646612432010551
21635777,i,1013.06,0.298,280.3841906065841,18.696818256885155
21635777,z,1013.06,0.278,117.56669934811697,19.050465869048274
21635777,y,1013.06,0.261,917.1567924097545,0.009999999999999997
21692191,u,72.1424,0.691,58.01732788932576,25.051508872506936
21692191,g,72.1424,0.612,44.88060849889272,27.34788911115313
21692191,r,72.1424,0.542,4.339472223285821,15.309094492784485
21692191,i,72.1424,0.493,27.730207402525654,26.38110366931416
21692191,z,72.1424,0.46,43.81447154109417,55.65190402893937
21692191,y,72.1424,0.431,1.0,35.310180631350505
22050801,u,598.38,0.329,183.53389423829879,133.19161033992683
22050801,g,598.38,0.291,424.45672409971615,191.01547606402895
22050801,r,598.38,0.258,497.84386381667815,155.81426989162333
22050801,i,598.38,0.235,493.9629887604896,161.81531371068937
22050801,z,598.38,0.219,182.69171191827954,146.87963824311404
22050801,y,598.38,0.205,211.47149980073468,145.5616781296521
22083479,u,357.15,0.347,61.80771157221396,52.54969353417449
22083479,g,357.15,0.307,228.2407317690929,177.95152536307475
22083479,r,357.15,0.272,698.0142048861136,195.77942246547272
22083479,i,357.15,0.248,657.4925840599428,174.07754139756304
22083479,z,357.15,0.231,315.39137097615634,161.47489813172945
22083479,y,357.15,0.217,205.21097690835813,141.06856006688702
23285310,u,1123.61,0.233,710.6054891832898,0.020464433628233757
23285310,g,1123.61,0.206,120.29185972731399,17.588735947534634
23285310,r,1123.61,0.182,172.37248072797422,17.281585791174855
23285310,i,1123.61,0.166,180.19010496452782,21.882813466078932
23285310,z,1123.61,0.155,118.89168407654904,16.643744532152247
23285310,y,1123.61,0.145,1123.5940326548916,0.14496250240353104
23853185,u,165.53,0.579,45.72265826730953,39.23378782452227
23853185,g,165.53,0.512,32.54302024977621,41.1497120348463
23853185,r,165.53,0.454,51.67765214448553,51.475666314493544
23853185,i,165.53,0.413,29.35431468793858,43.388861802826604
23853185,z,165.53,0.385,26.259688546504734,86.38014282360403
23853185,y,165.53,0.361,12.994326777615079,59.515353818491775
24202359,u,69.3848,0.586,191.23459043636302,74.62740411133488
24202359,g,69.3848,0.518,23.440362535311927,65.24103090302077
24202359,r,69.3848,0.46,275.7703362050713,83.09130669725758
24202359,i,69.3848,0.418,59.931856466271086,62.179671195373345
24202359,z,69.3848,0.39,73.49437138000866,115.96033489551272
24202359,y,69.3848,0.365,28.980211279453965,91.68879420056436
24623093,u,788.52,0.311,57.156549924044675,7.39180570016542
24623093,g,788.52,0.275,55.70109359242931,26.534444551702666
24623093,r,788.52,0.244,21.65666443465949,17.10732462118364
24623093,i,788.52,0.221,17.919309884652264,16.140675443533173
24623093,z,788.52,0.207,80.78471701716482,19.727275825474685
24623093,y,788.52,0.194,704.3273103931604,0.021099837475970756
24751465,u,1013.06,0.418,274.9558391394794,20.307692558420236
24751465,g,1013.06,0.37,224.6337320421844,15.221549405289382
24751465,r,1013.06,0.328,287.48527425838705,20.717666147563477
24751465,i,1013.06,0.298,90.27539232992702,15.268277912820382
24751465,z,1013.06,0.278,325.45423753028433,21.09064737884727
24751465,y,1013.06,0.261,128.96015441152477,31.036875421406325
25067646,u,53.2432,0.654,7.4479434909629205,17.247667677420658
25067646,g,53.2432,0.579,21.21439528580125,22.072714153310304
25067646,r,53.2432,0.513,18.872175473871817,25.894159302700977
25067646,i,53.2432,0.467,7.089923035144304,35.074232651071746
25067646,z,53.2432,0.436,27.115876557873154,31.052357241313395
25067646,y,53.2432,0.408,41.465743518612896,34.84551489770075
25760694,u,198.47,0.303,34.67612364620397,57.26639831248648
25760694,g,198.47,0.268,99.9761096650327,69.8931558168876
25760694,r,198.47,0.238,168.01137909375728,74.09774075977916
25760694,i,198.47,0.216,99.50635048750986,74.20035752076
25760694,z,198.47,0.202,68.34239905150982,45.33226769041255
25760694,y,198.47,0.189,217.95898709203337,55.75826086549042
25878620,u,528.41,0.36,177.3726601075623,112.88835820561049
25878620,g,528.41,0.319,218.70404795358834,151.30598810376628
25878620,r,528.41,0.283,181.64228192762465,123.74667923288892
25878620,i,528.41,0.257,267.6142245369883,126.12501424217704
25878620,z,528.41,0.24,277.371666229083,135.19851269590254
25878620,y,528.41,0.225,419.3528742517828,153.87637755257813
26010073,u,4980.61,0.264,4941.372382083533,0.010260827654291836
26010073,g,4980.61,0.233,101.53748479483072,14.432825950762352
26010073,r,4980.61,0.207,42.288530481897695,11.750813578433876
26010073,i,4980.61,0.188,30.149596957121542,15.62712160926253
26010073,z,4980.61,0.176,4979.859802080449,0.17591398282729626
26010073,y,4980.61,0.164,4980.595844276264,0.1639123935923205
26266459,u,112.94,0.276,10.760063376443103,71.21559373426945
26266459,g,112.94,0.244,7.695346917904505,85.66228045648091
26266459,r,112.94,0.216,17.52556420324449,73.51246458430033
26266459,i,112.94,0.196,30.50320412215689,76.98985809031467
26266459,z,112.94,0.183,117.26381431029935,108.12750675021577
26266459,y,112.94,0.172,31.754904990780755,102.3613350275531
26606820,u,395.33,0.24,76.71296804497703,73.92821787233788
26606820,g,395.33,0.212,23.076910494594916,61.01634654171894
26606820,r,395.33,0.188,36.15904128448055,98.90492775699401
26606820,i,395.33,0.171,88.99789069552887,102.60975635995672
26606820,z,395.33,0.16,41.18800047822668,100.86187603994958
26606820,y,395.33,0.15,90.57408060269572,108.68386403892889
28853121,u,134.71,0.744,12.868106683088724,14.855160290029245
28853121,g,134.71,0.658,16.821657007843015,9.902241522016412
28853121,r,134.71,0.583,25.38955771071763,12.134822180491296
28853121,i,134.71,0.53,4.400052132951839,12.626123138475633
28853121,z,134.71,0.495,37.49430475062934,9.909147879474748
28853121,y,134.71,0.464,42.76257237621286,0.05708061367682069
30437593,u,306.02,0.689,95.63078952623492,21.40147065675422
30437593,g,306.02,0.609,175.36862075600928,10.072551809950758
30437593,r,306.02,0.54,183.54248546523783,15.417211410053524
30437593,i,306.02,0.491,51.25725357538543,15.796619072793993
30437593,z,306.02,0.458,101.64514920837877,28.747407227768104
30437593,y,306.02,0.429,94.13254562426353,25.481092769619487
31768757,u,696.61,0.378,1.0,29.79276114565843
31768757,g,696.61,0.334,16.23322589417413,23.333324329793754
31768757,r,696.61,0.296,15.507421765009878,22.23312826646174
31768757,i,696.61,0.269,27.006743640746574,26.75022870879452
31768757,z,696.61,0.251,39.554830559427984,20.91773022006173
31768757,y,696.61,0.235,48.2471069510891,43.441704043242474
32654684,u,187.68,0.357,95.04489076857675,42.31457128147247
32654684,g,187.68,0.316,132.0528071035096,34.89989705813816
32654684,r,187.68,0.28,50.8914277026231,34.799682239174736
32654684,i,187.68,0.254,78.92592596315473,28.91505134415374
32654684,z,187.68,0.237,57.36805753130943,32.543401962753194
32654684,y,187.68,0.222,54.125143596368105,19.8894824615328
32924992,u,252.04,0.187,41.6197175495134,74.14090373826961
32924992,g,252.04,0.165,16.31154833572867,145.6503668989452
32924992,r,252.04,0.147,37.92429738981669,136.12882290429866
32924992,i,252.04,0.133,58.693308782236876,136.07450430317047
32924992,z,252.04,0.124,36.62468268047846,137.47838186569288
32924992,y,252.04,0.117,34.72582871197289,158.40402087034832
33009012,u,510.72,0.587,148.75604962633736,53.53153286098267
33009012,g,510.72,0.519,206.39140611098603,62.69307801776502
33009012,r,510.72,0.46,164.1400820037841,65.01494690067423
33009012,i,510.72,0.418,197.25822308238,110.62673376848286
33009012,z,510.72,0.39,175.3869512741365,94.49192203230928
33009012,y,510.72,0.366,84.4006302442524,106.58326813147289
33094373,u,470.33,0.309,279.66977701557164,64.55628528168221
33094373,g,470.33,0.273,49.443085487880495,57.40350965256898
33094373,r,470.33,0.242,108.01440680463743,72.1267521313922
33094373,i,470.33,0.22,37.639473659438664,49.86488219365469
33094373,z,470.33,0.206,67.77663340752721,71.24751793708423
33094373,y,470.33,0.193,287.7351888544199,72.98314061478514
34052183,u,70.021,0.312,72.61084182251594,13.672109907514068
34052183,g,70.021,0.276,41.60861911792718,25.310933736533613
34052183,r,70.021,0.245,62.73574329820843,31.132870800691155
34052183,i,70.021,0.223,25.70514205749456,13.713419689174376
34052183,z,70.021,0.208,39.98606651764053,25.661405539556554
34052183,y,70.021,0.195,47.38509165162315,37.89377841148897
34777076,u,315.46,0.401,116.06095308839443,83.3587416701855
34777076,g,315.46,0.355,81.33341199626251,89.40002465325192
34777076,r,315.46,0.315,264.33427609136396,65.75249202636027
34777076,i,315.46,0.286,345.53368001918057,69.69731000361966
34777076,z,315.46,0.267,152.04065343939746,70.40332346869137
34777076,y,315.46,0.25,83.02205903644456,72.04491913614176
35012811,u,432.45,0.656,117.88067861388971,21.00118075398126
35012811,g,432.45,0.58,91.7570906674533,19.840523959216092
35012811,r,432.45,0.514,127.78357648403545,18.665354041839375
35012811,i,432.45,0.467,249.25834853217304,25.40009347533945
35012811,z,432.45,0.436,51.65799301406016,24.251146974883657
35012811,y,432.45,0.409,68.08853714097025,36.02181314165841
35446325,u,426.4,0.192,334.31020260364977,0.011088968664660862
35446325,g,426.4,0.17,1.9061715832207455,11.760691227848195
35446325,r,426.4,0.151,34.4133673366531,16.312291226484888
35446325,i,426.4,0.137,177.62773423999622,47.95099389293655
35446325,z,426.4,0.128,52.67187986501357,31.21927151155278
35446325,y,426.4,0.12,426.3309271984208,0.12001841868121078
35473629,u,558.85,0.326,299.1665045624721,90.39046378625065
35473629,g,558.85,0.289,678.8276713607917,95.51476173228474
35473629,r,558.85,0.256,1254.0486224391193,110.60609389437572
35473629,i,558.85,0.233,1215.5776294905029,100.48897318532342
35473629,z,558.85,0.217,670.324747275177,93.63047870110856
35473629,y,558.85,0.204,517.9720575981816,99.93498932802683
35740235,u,457.7,0.365,215.54612547232114,0.01631983931850476
35740235,g,457.7,0.323,60.57133947754425,8.523713924047849
35740235,r,457.7,0.287,28.324633030880044,10.4379376577282
35740235,i,457.7,0.261,1.0,6.976481804789966
35740235,z,457.7,0.243,49.09324697654748,14.97618420807775
35740235,y,457.7,0.228,44.89871168236599,12.414247521318053
36555832,u,288.41,0.265,584.9698474541229,151.47340095316946
36555832,g,288.41,0.234,291.3428970355004,113.08973475315386
36555832,r,288.41,0.208,370.5096226930973,114.40886691094116
36555832,i,288.41,0.189,340.07815681227805,116.17736641534074
36555832,z,288.41,0.176,626.2958199432916,120.64901436234321
36555832,y,288.41,0.165,380.44685874696546,162.30436708205875
36585313,u,315.46,0.401,159.65432258249697,60.95518535959348
36585313,g,315.46,0.355,227.02356357208836,80.34522613176188
36585313,r,315.46,0.315,194.66539237502346,64.31866291003293
36585313,i,315.46,0.286,92.99946497295048,61.547146628872405
36585313,z,315.46,0.267,102.39975027730058,69.5264286829981
36585313,y,315.46,0.25,115.90654882255217,61.4814464206249
37120574,u,341.28,0.291,486.6254606403893,0.024286936718516075
37120574,g,341.28,0.258,1.0,20.153545952507983
37120574,r,341.28,0.229,16.829514719416398,24.900978126887647
37120574,i,341.28,0.208,36.05701336683273,32.16197312402517
37120574,z,341.28,0.194,341.1083574066026,0.19401929930071307
37120574,y,341.28,0.182,43.94112194456904,29.79167242022999
37563024,u,202.76,0.297,103.4072747307166,126.31176568602116
37563024,g,202.76,0.263,166.40007255775944,119.2994467422074
37563024,r,202.76,0.233,145.0360212116607,113.38180850277209
37563024,i,202.76,0.212,177.40559745509046,114.34312964544165
37563024,z,202.76,0.197,107.92963850306012,110.77644932461952
37563024,y,202.76,0.185,157.0619496693228,127.997385979537
37944944,u,234.75,0.299,24.22330555424068,11.364724876643837
37944944,g,234.75,0.265,38.78308786974822,22.92131955590489
37944944,r,234.75,0.235,40.3947624232213,21.146675065830596
37944944,i,234.75,0.213,18.381843452167633,16.515531391361943
37944944,z,234.75,0.199,41.90406735725641,17.40966080442082
37944944,y,234.75,0.187,1.0,27.80553725664264
38075415,u,227.58,0.194,227.57999999999998,0.194
38075415,g,227.58,0.171,144.76267730173853,199.99999999999994
38075415,r,227.58,0.152,87.33787398420505,199.99999999999994
38075415,i,227.58,0.138,79.15094771738475,193.66807655963513
38075415,z,227.58,0.129,56.20595033950106,199.99999999999994
38075415,y,227.58,0.121,60.09433352623022,199.99999999999994
39948285,u,124.6,0.244,124.60070827101633,0.24402149912824495
39948285,g,124.6,0.216,29.153529398254605,102.4189955704966
39948285,r,124.6,0.191,119.74890046241597,199.99999999999994
39948285,i,124.6,0.174,108.79562895250322,199.99999999999994
39948285,z,124.6,0.162,116.89993575211085,199.99999999999994
39948285,y,124.6,0.152,103.06645247596047,199.99999999999994
40446808,u,111.15,0.752,36.0438110019035,19.984480319690906
40446808,g,111.15,0.666,202.8690043784646,16.596790346062463
40446808,r,111.15,0.59,88.27879696839202,21.25182855183801
40446808,i,111.15,0.536,462.95180603008384,31.35807060119197
40446808,z,111.15,0.501,225.33979332698766,31.743399989042125
40446808,y,111.15,0.469,410.8592427089656,36.53567713605983
40850862,u,340.13,0.488,47.02364364864076,23.284710598335096
40850862,g,340.13,0.432,110.64541399603628,14.337554260350235
40850862,r,340.13,0.383,50.26340654940199,16.926831927289335
40850862,i,340.13,0.348,58.662595125386645,26.397841255776772
40850862,z,340.13,0.325,87.35687948466413,33.69635286185376
40850862,y,340.13,0.305,103.66208610222088,47.25364656541595
40991834,u,103.9,0.399,30.08594391968776,33.44687538820809
40991834,g,103.9,0.353,79.00566431786261,26.44950065156984
40991834,r,103.9,0.313,64.29838850699824,29.217368407351934
40991834,i,103.9,0.284,80.79834305745193,42.13666015214322
40991834,z,103.9,0.265,54.25622122228732,32.81028690964295
40991834,y,103.9,0.249,32.336740407036494,58.06840220924075
41079095,u,493.91,0.448,75.68700494044296,20.310963659073916
41079095,g,493.91,0.396,164.46993988016578,46.926157671117764
41079095,r,493.91,0.351,134.9686444618864,27.018562735774122
41079095,i,493.91,0.319,113.48028878243744,36.21433038602067
41079095,z,493.91,0.298,183.58200789652238,44.404410231553314
41079095,y,493.91,0.279,93.1202022326152,41.51635763676782
43771884,u,119.86,0.736,88.9198098442419,63.655468953773685
43771884,g,119.86,0.651,43.19013511652294,21.165892604352898
43771884,r,119.86,0.578,76.52227168909019,28.877940008268993
43771884,i,119.86,0.525,130.03196036264865,61.62133474555304
43771884,z,119.86,0.49,106.45963549534774,37.79913100121001
43771884,y,119.86,0.459,34.5776113047011,44.21094670772996
44251931,u,1120.45,0.32,48.16120952224156,18.385421292821565
44251931,g,1120.45,0.283,88.38207011844355,21.12083986608499
44251931,r,1120.45,0.251,113.94122598485387,27.010662038702453
44251931,i,1120.45,0.228,141.5199328679363,23.980895946526203
44251931,z,1120.45,0.213,88.0608815385532,34.65975552506016
44251931,y,1120.45,0.199,1119.9851579253348,0.19909221285769405
44867066,u,88.9102,0.724,30.904928786200845,40.937515343474296
44867066,g,88.9102,0.64,31.128587115944967,29.775858021170002
44867066,r,88.9102,0.568,50.325979323123114,36.31354897526149
44867066,i,88.9102,0.516,60.24959885560999,45.45442704943033
44867066,z,88.9102,0.482,30.27650640848103,43.6215839740865
44867066,y,88.9102,0.452,36.656875313930506,43.229914496310094
44873682,u,918.14,0.24,1.0,36.059105249040975
44873682,g,918.14,0.212,37.91545143572671,47.05066615261884
44873682,r,918.14,0.188,34.42612295888472,51.331449864195356
44873682,i,918.14,0.171,55.3246123416672,57.386097448794814
44873682,z,918.14,0.16,64.48623530088916,54.638287596195596
44873682,y,918.14,0.15,10.507580481866913,64.35199539715093
45020328,u,911.9,0.268,22.051258225842716,47.534232817766316
45020328,g,911.9,0.237,6.1357946476149285,29.555957239959174
45020328,r,911.9,0.21,31.90758684506143,28.15857230981015
45020328,i,911.9,0.191,67.82729991076747,40.84194593751953
45020328,z,911.9,0.178,77.46688714051076,43.67693048305034
45020328,y,911.9,0.167,911.6460413510692,0.1670080691182922
45227970,u,235.41,0.286,102.48772202510612,199.99999999999994
45227970,g,235.41,0.253,135.50519461087143,199.99999999999994
45227970,r,235.41,0.224,108.43830293706037,199.99999999999994
45227970,i,235.41,0.204,154.00992675361948,199.99999999999994
45227970,z,235.41,0.19,124.16006667766615,199.99999999999994
45227970,y,235.41,0.178,128.5941269845923,199.99999999999994
46329774,u,927.97,0.308,243.60294872482703,0.022370808035478345
46329774,g,927.97,0.273,93.2370439178057,15.514272297567102
46329774,r,927.97,0.242,87.99710022960468,14.858709816663403
46329774,i,927.97,0.22,68.91575621689653,13.825457870267039
46329774,z,927.97,0.205,63.364721686439076,15.291456097535663
46329774,y,927.97,0.192,927.9040661078195,0.1919476202510501
46427452,u,328.48,0.289,1.0,13.857689496244989
46427452,g,328.48,0.256,25.377839066563563,26.85039550734425
46427452,r,328.48,0.227,26.027537020712995,26.330167850155245
46427452,i,328.48,0.206,13.732176179147924,29.24734065857844
46427452,z,328.48,0.193,46.37931035255459,18.58041362965579
46427452,y,328.48,0.181,90.72109261165296,25.62602571789689
46431646,u,403.8,0.322,54.12319733545707,89.54188227202908
46431646,g,403.8,0.285,16.75643915014941,53.09087422671305
46431646,r,403.8,0.253,38.7488360694656,63.24449238458054
46431646,i,403.8,0.23,73.06530231483613,107.934633525406
46431646,z,403.8,0.215,85.72416751295732,143.805504693965
46431646,y,403.8,0.201,73.8201074260122,140.30114648170303
46474756,u,1115.9,0.334,69.45010330374356,17.11799852636909
46474756,g,1115.9,0.296,161.3097525688334,21.30853893429527
46474756,r,1115.9,0.262,157.11135656337328,25.689913322871774
46474756,i,1115.9,0.238,98.05809193569519,22.809402569629686
46474756,z,1115.9,0.222,54.046144578740424,21.619079954243137
46474756,y,1115.9,0.208,1.0,8.412573796878148
47284182,u,192.53,0.337,104.329074462491,78.22349217699299
47284182,g,192.53,0.298,39.311298841368064,78.75409610702435
47284182,r,192.53,0.264,36.31657084755687,81.00711852136514
47284182,i,192.53,0.24,23.508388850134022,66.5472748007814
47284182,z,192.53,0.224,37.04554770600502,82.28546567592755
47284182,y,192.53,0.21,39.17011802843945,86.72178743646016
49075963,u,278.25,0.339,16.488104715952822,19.4742634238758
49075963,g,278.25,0.3,15.972582496447838,15.529219038996189
49075963,r,278.25,0.266,6.394417606249518,13.858126704350775
49075963,i,278.25,0.242,6.0171645147064945,15.883617185769682
49075963,z,278.25,0.226,15.623031696792909,11.994073983716694
49075963,y,278.25,0.211,20.15085894195259,25.060958030958165
50669045,u,156.52,0.586,68.6884381536054,32.64651031803482
50669045,g,156.52,0.518,33.644286949792,36.24877399367322
50669045,r,156.52,0.46,48.58077740224736,38.82875592854603
50669045,i,156.52,0.418,61.12405511767742,33.76088106523866
50669045,z,156.52,0.39,33.7585737075679,55.672483682333954
50669045,y,156.52,0.365,4.045972668464732,41.48975743140234
50774437,u,357.15,0.347,1.0,30.405483781760807
50774437,g,357.15,0.307,38.218400821298935,48.931770161988
50774437,r,357.15,0.272,39.84446756148644,49.03793071271456
50774437,i,357.15,0.248,51.739391214998946,58.75326735981021
50774437,z,357.15,0.231,46.03829650757749,81.25851546724519
50774437,y,357.15,0.217,91.65676210761089,73.99046827166568
50957767,u,164.37,0.244,89.40875908431252,199.99999999999994
50957767,g,164.37,0.216,84.7874916239435,145.86376812360567
50957767,r,164.37,0.191,92.7198313525363,199.99999999999994
50957767,i,164.37,0.174,94.82410493300357,154.7875174461511
50957767,z,164.37,0.162,114.26461693134333,182.59772368222846
50957767,y,164.37,0.152,76.9718366585935,165.84056886283273
52074857,u,209.64,0.37,187.2259671714437,56.38249453438777
52074857,g,209.64,0.327,44.50637381641417,38.85042584508859
52074857,r,209.64,0.29,97.84537777339523,32.87383923821286
52074857,i,209.64,0.264,109.37023848735515,44.49268440075143
52074857,z,209.64,0.246,185.40567053339436,41.28289942073267
52074857,y,209.64,0.231,35.308327643027646,38.98040973457612
52437992,u,100.76,0.59,28.40689180378357,12.919472573779574
52437992,g,100.76,0.522,26.82385352756491,13.990094214669128
52437992,r,100.76,0.463,79.29974057879078,21.854533745057257
52437992,i,100.76,0.421,46.17336154987019,23.191294883662856
52437992,z,100.76,0.393,50.77325101622878,29.750028353011864
52437992,y,100.76,0.368,79.84213165436331,28.199030372857735
52439522,u,209.61,0.276,2.6547432353407174,9.5573827952172
52439522,g,209.61,0.245,1.1258299144007933,3.0237547626348764
52439522,r,209.61,0.217,24.683402579211474,6.226859660347245
52439522,i,209.61,0.197,60000.00000000002,2.311669989911973
52439522,z,209.61,0.184,99.9656790973437,5.047157216206147
52439522,y,209.61,0.172,399.98903998363636,0.013729598845911949
53124222,u,303.03,0.214,7.656787989588439,64.43145107566372
53124222,g,303.03,0.189,9.282272936161775,78.09090720489027
53124222,r,303.03,0.168,17.16628935938672,102.82055983512062
53124222,i,303.03,0.152,15.206879717551493,92.06819893592132
53124222,z,303.03,0.142,22.983366782878576,125.13945739901773
53124222,y,303.03,0.133,16.61307751646782,99.58944049606137
53407380,u,218.88,0.201,18.554847207525437,199.99999999999994
53407380,g,218.88,0.178,43.725760275468396,199.99999999999994
53407380,r,218.88,0.158,32.030816585957155,199.99999999999994
53407380,i,218.88,0.143,33.08618862046185,199.99999999999994
53407380,z,218.88,0.134,29.794097679451532,199.99999999999994
53407380,y,218.88,0.125,35.89996102821177,199.99999999999994
54038461,u,341.28,0.291,341.26690557379146,0.2909148240777682
54038461,g,341.28,0.258,22.024246949343866,15.881379609756788
54038461,r,341.28,0.229,39.08674731191715,21.062870868100532
54038461,i,341.28,0.208,15.094102613021429,23.29132465267695
54038461,z,341.28,0.194,45.00461779650759,32.375524835300666
54038461,y,341.28,0.182,43.422718923632765,37.48471875799906
54063785,u,292.32,0.298,4.796697343179436,199.99999999999994
54063785,g,292.32,0.264,19.79845032792737,199.99999999999994
54063785,r,292.32,0.234,18.744275217181062,196.41926850789648
54063785,i,292.32,0.213,24.91261345611629,186.67167372657198
54063785,z,292.32,0.198,19.05508942699417,199.99999999999994
54063785,y,292.32,0.186,32.40979521199579,199.99999999999994
54793663,u,663.88,0.377,22.597843584307945,45.356619219262164
54793663,g,663.88,0.334,89.36707248987766,41.34074556895438
54793663,r,663.88,0.296,164.59584701904254,53.08827465703743
54793663,i,663.88,0.269,94.31151036778937,41.19520206656356
54793663,z,663.88,0.251,71.88474896792914,49.47553491850889
54793663,y,663.88,0.235,220.43633654646743,54.98766177613592
56369732,u,743.49,0.328,132.40402111651449,144.75904331241895
56369732,g,743.49,0.29,251.69089854317158,154.11273287256776
56369732,r,743.49,0.257,211.77620990449773,137.2623380837865
56369732,i,743.49,0.234,177.86162250466086,161.73569687413067
56369732,z,743.49,0.218,186.38964092777294,132.2979858927584
56369732,y,743.49,0.205,148.07457991219815,115.85440641742049
58556668,u,180.42,0.546,72.7458031806033,14.673086963903229
58556668,g,180.42,0.483,86.03119378121481,13.97270941568621
58556668,r,180.42,0.428,58.1546467890514,18.2283384741235
58556668,i,180.42,0.389,64.35996807093377,23.54441598531094
58556668,z,180.42,0.363,38.533701645300944,21.666269146723142
58556668,y,180.42,0.34,133.6282380572961,27.636536294338594
59009102,u,128.82,0.218,73.86243267672883,131.22931492836832
59009102,g,128.82,0.193,10.844496409977596,144.7130690954987
59009102,r,128.82,0.171,4.436187936393636,71.81815882947821
59009102,i,128.82,0.156,66.53289863769314,135.7933942138784
59009102,z,128.82,0.145,39.47544333318319,129.60622280264886
59009102,y,128.82,0.136,30.5487962386711,162.93380556661165
59262634,u,130.94,0.304,79.15534283910613,19.63277880983178
59262634,g,130.94,0.269,97.3657697229931,29.667350693541717
59262634,r,130.94,0.239,122.59559282461288,32.83066393433196
59262634,i,130.94,0.217,27.663852647348275,34.95717692086256
59262634,z,130.94,0.202,70.07116968704254,28.33288756153462
59262634,y,130.94,0.19,57.42792221393905,35.78508150557892
59385245,u,701.55,0.527,57.51551963866078,21.128844240210867
59385245,g,701.55,0.466,80.44235702709108,14.35932275329342
59385245,r,701.55,0.413,799.1871983343865,33.08800999265137
59385245,i,701.55,0.376,434.9880317716151,18.03151986745966
59385245,z,701.55,0.351,365.43398752404005,42.16635996825398
59385245,y,701.55,0.329,1.6057031613071333,27.92434560536252
60374532,u,224.73,0.348,157.6544018043396,0.03052972848825054
60374532,g,224.73,0.308,41.38955812368225,24.588154051504006
60374532,r,224.73,0.273,24.182165273035118,28.47652146360177
60374532,i,224.73,0.248,17.912058509383847,29.39754063541676
60374532,z,224.73,0.232,45.79472639521194,42.52590674686025
60374532,y,224.73,0.217,27.43609813457752,41.07028999490779
60641958,u,135.85,0.494,4.508702323732226,20.590200061073094
60641958,g,135.85,0.437,147.38776674682114,29.691036192516965
60641958,r,135.85,0.388,117.26640610709232,27.042667738699905
60641958,i,135.85,0.352,40.342352456523855,27.575755237754393
60641958,z,135.85,0.329,103.96881426145266,33.87982530631522
60641958,y,135.85,0.308,17.792072120152035,27.446152429577268
61063886,u,152.81,0.292,148.29379219116035,35.642118676398226
61063886,g,152.81,0.258,6.0160580095730785,28.657700953272414
61063886,r,152.81,0.229,41.540771569062656,31.823057963870934
61063886,i,152.81,0.208,30.05138493293819,38.277071127945526
61063886,z,152.81,0.194,36.99689180115311,39.56591935092447
61063886,y,152.81,0.182,33.0146084869604,31.608468264847666
61220354,u,250.38,0.458,89.44757768629849,74.89837098979176
61220354,g,250.38,0.405,197.080253576364,69.76518378764302
61220354,r,250.38,0.359,194.28474561034434,65.14579713524431
61220354,i,250.38,0.327,198.5317058186141,74.31877315603235
61220354,z,250.38,0.305,218.7587175517412,76.37467923768257
61220354,y,250.38,0.286,152.61153535173332,101.07296757225333
63238616,u,388.11,0.274,133.44546068585055,90.29843560067411
63238616,g,388.11,0.243,59.745211229237675,113.19237372814065
63238616,r,388.11,0.215,80.27201789704597,85.7601728261094
63238616,i,388.11,0.196,82.04908110938155,105.72534194139865
63238616,z,388.11,0.183,124.09100099802156,95.194346692198
63238616,y,388.11,0.171,150.83767832078448,122.51358582594777
63523854,u,212.15,0.605,36.56066400174731,0.0331555168638061
63523854,g,212.15,0.536,98.1045657545921,15.884898160694906
63523854,r,212.15,0.475,118.23250553037036,19.088821073163743
63523854,i,212.15,0.432,54.96178836463252,16.304817477768285
63523854,z,212.15,0.403,6.542819811102773,17.51563186160594
63523854,y,212.15,0.378,105.40350429603446,27.181203406903162
63647776,u,1024.54,0.321,1009.608568573025,0.04794437736112595
63647776,g,1024.54,0.284,53.02483163039702,25.446711778104365
63647776,r,1024.54,0.252,35.18612299695843,16.99006192750182
63647776,i,1024.54,0.229,111.21327828201434,21.61245137413937
63647776,z,1024.54,0.214,104.80125652710745,12.938054153266517
63647776,y,1024.54,0.2,1024.4235299072566,0.19993350425618933
63823536,u,223.88,0.436,85.31228287595486,9.25882823322389
63823536,g,223.88,0.386,46.77003821475859,14.124196538294965
63823536,r,223.88,0.342,17.00229709279542,14.046453976933678
63823536,i,223.88,0.311,21.078883684199777,19.091561386119583
63823536,z,223.88,0.29,48.096811114097896,25.69938943918168
63823536,y,223.88,0.272,53.687806152464226,31.076771160624567
64286799,u,446.2,0.425,8.092365252341931,49.360337337046325
64286799,g,446.2,0.376,137.3568244347976,50.63655297469875
64286799,r,446.2,0.334,161.6489990194868,43.132594219390135
64286799,i,446.2,0.303,139.74976389772957,53.47839813236772
64286799,z,446.2,0.283,79.47043939308023,49.68836498787074
64286799,y,446.2,0.265,131.6939317186396,69.85294930999534
64727222,u,49.0918,0.544,35.009484765754344,33.991859846600754
64727222,g,49.0918,0.481,11.130575790124087,25.99369725019933
64727222,r,49.0918,0.426,27.33466424535547,27.8617196349567
64727222,i,49.0918,0.388,20.388696104324094,32.57302980621774
64727222,z,49.0918,0.362,17.545462542535482,32.9296911236202
64727222,y,49.0918,0.339,5.452287228268357,26.43490464556589
65305120,u,249.9,0.299,29.36302304511016,45.91739698307099
65305120,g,249.9,0.265,83.70439895041852,51.70719963671157
65305120,r,249.9,0.235,31.562125225199658,44.16109569799431
65305120,i,249.9,0.213,34.31569690022389,41.56934534065532
65305120,z,249.9,0.199,22.861131806674603,42.25805572391173
65305120,y,249.9,0.187,50.01546087310101,33.37352312693583
65861881,u,286.29,0.283,95.12241815902433,58.90842805582005
65861881,g,286.29,0.251,147.524269626313,50.08971732715536
65861881,r,286.29,0.222,58.66988754961905,45.503434811264846
65861881,i,286.29,0.202,139.7988348019158,52.21081294204942
65861881,z,286.29,0.188,39.384292859539926,59.718959842246235
65861881,y,286.29,0.177,84.74460795421004,73.5251393335926
66092834,u,97.106,0.609,126.78446435965147,90.85973100923708
66092834,g,97.106,0.539,498.1125594588021,91.59416548384102
66092834,r,97.106,0.478,85.3085923894848,80.41955105314737
66092834,i,97.106,0.434,144.76153098539385,107.64787459220511
66092834,z,97.106,0.405,57.34996841239193,92.02970328677397
66092834,y,97.106,0.38,121.1275261640178,87.9062469286663
66542546,u,484.72,0.217,366.3683204308958,186.73160607510832
66542546,g,484.72,0.192,170.726466550276,198.60528150570937
66542546,r,484.72,0.17,343.59504903868526,199.99999999999994
66542546,i,484.72,0.155,239.17748504567734,167.45297952053065
66542546,z,484.72,0.144,229.77467245221214,156.05612652269053
66542546,y,484.72,0.135,199.30799883818375,192.64916018394854
67108107,u,232.33,0.616,155.5451822443326,75.90693381517434
67108107,g,232.33,0.545,72.50280320152523,71.15124701457519
67108107,r,232.33,0.483,100.45861916509382,71.16311018580339
67108107,i,232.33,0.439,106.03319014034687,66.9045372505227
67108107,z,232.33,0.41,49.56317020292067,63.641590145430946
67108107,y,232.33,0.384,46.389522287693154,82.21888174946555
67622398,u,1980.85,0.214,1980.7697753451578,0.2139960465767123
67622398,g,1980.85,0.189,154.49056131068855,141.499195820902
67622398,r,1980.85,0.168,93.67533363311193,173.01084011451636
67622398,i,1980.85,0.153,79.21847775225812,172.1704043328441
67622398,z,1980.85,0.142,89.55605884961535,117.43894519698155
67622398,y,1980.85,0.133,123.22595884370818,136.0047354418336
68339955,u,131.36,0.307,131.34240717361183,0.30701788772404337
68339955,g,131.36,0.272,5.458215713400913,20.605100175806903
68339955,r,131.36,0.241,18.95949286828282,27.28813073271411
68339955,i,131.36,0.219,10.421899470610434,29.93925321433859
68339955,z,131.36,0.204,53.99922767631182,31.78612552643186
68339955,y,131.36,0.192,17.223748065920343,32.548924016367714
68725531,u,214.09,0.255,110.34727909485332,165.3433865779988
68725531,g,214.09,0.225,98.38187738499398,137.49975569269503
68725531,r,214.09,0.2,136.08019238723287,147.68303454430594
68725531,i,214.09,0.182,112.18388691270209,127.93624133957495
68725531,z,214.09,0.17,54.629382913378066,134.64124051103698
68725531,y,214.09,0.159,49.61565971586978,168.5576320991963
69214098,u,567.87,0.261,288.27938746216313,122.199674491204
69214098,g,567.87,0.231,170.37364967911284,130.1934871963579
69214098,r,567.87,0.204,179.59546575944796,132.44999105239017
69214098,i,567.87,0.186,213.79584000380868,101.61937934626718
69214098,z,567.87,0.173,126.84766760968441,109.70192098300295
69214098,y,567.87,0.163,119.26101475138027,130.33181051256085
70025523,u,472.83,0.265,38.18142179249648,199.99999999999994
70025523,g,472.83,0.234,31.079066938834387,199.99999999999994
70025523,r,472.83,0.208,45.07863474333264,199.99999999999994
70025523,i,472.83,0.189,49.128503671390696,199.99999999999994
70025523,z,472.83,0.176,34.16451836796232,199.99999999999994
70025523,y,472.83,0.165,30.772878844298578,199.99999999999994
70061525,u,59.1731,0.499,71.10927500634787,30.530145215532748
70061525,g,59.1731,0.442,165.3323447222003,38.38729721200529
70061525,r,59.1731,0.392,37.9635285982326,31.044766186074707
70061525,i,59.1731,0.356,230.69666183627118,30.816563261692004
70061525,z,59.1731,0.332,316.64372329163365,33.21027893447634
70061525,y,59.1731,0.311,288.7440967092898,43.55339258737787
70155892,u,949.81,0.239,38.350284032471954,43.655939433255206
70155892,g,949.81,0.211,83.85933671916128,40.107176598815265
70155892,r,949.81,0.187,96.71813342536608,37.57455681217674
70155892,i,949.81,0.17,159.68770028797272,56.00210584142363
70155892,z,949.81,0.159,118.0254408805418,40.86401303630895
70155892,y,949.81,0.149,215.12835846200585,32.210350688216806
70218390,u,186.52,0.453,64.17526254263989,47.48158508003106
70218390,g,186.52,0.4,228.9531945722363,133.08945578902873
70218390,r,186.52,0.355,102.16344546139732,65.95888260247477
70218390,i,186.52,0.323,510.0267839445377,150.32963242321438
70218390,z,186.52,0.301,468.6253801451361,108.72879324270123
70218390,y,186.52,0.282,206.01581445931433,146.7585989942037
70541274,u,298.0,0.22,66.80611806704752,199.99999999999994
70541274,g,298.0,0.194,177.65968144710774,199.99999999999994
70541274,r,298.0,0.172,47.24151166076152,199.99999999999994
70541274,i,298.0,0.157,115.61968428542048,199.99999999999994
70541274,z,298.0,0.146,107.72834430124598,199.99999999999994
70541274,y,298.0,0.137,212.6883992318013,199.99999999999994
70870535,u,189.13,0.495,11.265740967185026,16.08628083704904
70870535,g,189.13,0.438,69.8074843712229,28.04046983800973
70870535,r,189.13,0.389,86.57172086471044,21.979902844343336
70870535,i,189.13,0.353,18.807802554094692,24.80656352739489
70870535,z,189.13,0.33,50.704565984339,33.4643349448959
70870535,y,189.13,0.309,50.69674384821968,49.36893926766512
71449444,u,557.55,0.308,32.4437558565831,38.54311929558267
71449444,g,557.55,0.272,90.98576907849252,41.460975343048766
71449444,r,557.55,0.242,76.74279761251368,33.30288367730853
71449444,i,557.55,0.219,55.645539837251,35.52231841609047
71449444,z,557.55,0.205,66.97650140527936,48.116968850662
71449444,y,557.55,0.192,557.4438383961889,0.19196016826407716
72568232,u,541.59,0.361,37.288781016377776,36.06883610160321
72568232,g,541.59,0.319,106.73857786184581,37.47650621354251
72568232,r,541.59,0.283,74.63446483482232,39.57333812313521
72568232,i,541.59,0.257,34.88789281639302,37.82577776420705
72568232,z,541.59,0.24,35.763797928114634,33.56848474652957
72568232,y,541.59,0.225,306.66961355192336,130.3626758655597
72695878,u,105.04,0.4,52.13186056008243,51.28017262068471
72695878,g,105.04,0.354,33.930164089794395,49.792107889284374
72695878,r,105.04,0.313,55.67586250864177,42.49794042528919
72695878,i,105.04,0.285,31.625981896577212,54.62051604974956
72695878,z,105.04,0.266,59.67622809759731,45.596928059110596
72695878,y,105.04,0.249,50.97246073667313,77.26597849124002
74130796,u,361.76,0.372,121.36495587790168,33.74890959800298
74130796,g,361.76,0.329,55.73971609358669,16.95003733042441
74130796,r,361.76,0.292,63.48754573103587,18.076549344279385
74130796,i,361.76,0.265,42.94990767007747,15.162632229584691
74130796,z,361.76,0.247,87.2261488286125,27.478735447474957
74130796,y,361.76,0.232,142.69520928306804,27.210782678748632
74256178,u,182.88,0.255,158.14362196467744,0.051084396309064264
74256178,g,182.88,0.226,1.7094517331491015,94.39650066420411
74256178,r,182.88,0.2,38.26117194454511,100.3028590123422
74256178,i,182.88,0.182,44.01206274931878,126.86501367091567
74256178,z,182.88,0.17,36.31724256768683,145.39654171705115
74256178,y,182.88,0.159,35.828711009981106,199.99999999999994
75836645,u,137.89,0.569,168.91760995504015,88.97661544808369
75836645,g,137.89,0.503,37.38838143251972,59.38055849754331
75836645,r,137.89,0.446,86.40269941761152,94.84330389206742
75836645,i,137.89,0.406,151.09823434656442,99.23144703973377
75836645,z,137.89,0.379,127.5577738497213,122.80050911739922
75836645,y,137.89,0.355,110.6734813883575,107.2583238039229
76422882,u,109.63,0.466,157.09652963391667,76.43916897774577
76422882,g,109.63,0.412,266.1803256080799,125.93458764572621
76422882,r,109.63,0.366,94.02994708156407,107.98137926251954
76422882,i,109.63,0.332,26.56658105158894,90.81966652137382
76422882,z,109.63,0.31,82.48730235083724,181.84335454079704
76422882,y,109.63,0.291,101.560520231862,176.60427949295047
76897889,u,133.26,0.81,94.14458528226037,0.01160893372548066
76897889,g,133.26,0.717,39.55529923143827,4.584747009520219
76897889,r,133.26,0.636,21.676609810386328,1.659622751410165
76897889,i,133.26,0.578,109.28764309250738,3.474742271350158
76897889,z,133.26,0.539,1.0,9.034306923861603
76897889,y,133.26,0.505,87.44425482476815,0.022419233324117962
77289123,u,293.94,0.387,43.905028345334756,21.4367575324238
77289123,g,293.94,0.343,169.28513857555478,47.57466336149264
77289123,r,293.94,0.304,58.194304841626995,49.42494663075807
77289123,i,293.94,0.276,144.49727314718305,50.57790434120987
77289123,z,293.94,0.258,166.0593442334939,52.66823470813119
77289123,y,293.94,0.242,33.83677666893227,49.09661763786888
77617268,u,754.16,0.312,107.04633283429885,199.99999999999994
77617268,g,754.16,0.276,53.100421178954804,199.99999999999994
77617268,r,754.16,0.245,55.969129012802824,199.99999999999994
77617268,i,754.16,0.223,64.10760880706566,199.99999999999994
77617268,z,754.16,0.208,65.67102439633659,199.99999999999994
77617268,y,754.16,0.195,76.7599742152161,199.99999999999994
77864390,u,81.0275,0.276,95.31549428052006,25.73688609249472
77864390,g,81.0275,0.245,133.1900426928345,41.656006359734235
77864390,r,81.0275,0.217,55.221826430605674,37.623394577064445
77864390,i,81.0275,0.197,57.021517377456746,31.372568327519602
77864390,z,81.0275,0.184,94.35019894598739,28.383075147531223
77864390,y,81.0275,0.172,44.355685210215995,39.42407365221929
78047778,u,117.41,0.549,36.06019091813974,28.75936741697525
78047778,g,117.41,0.486,15.180803725215863,21.040874670743538
78047778,r,117.41,0.431,45.17321289583795,24.013616819858083
78047778,i,117.41,0.392,36.739246092390644,24.635708047009828
78047778,z,117.41,0.365,99.76600346285514,53.646894645164714
78047778,y,117.41,0.343,23.126914692180282,66.9934614174453
78293082,u,247.07,0.275,102.79010859921357,120.52800308523443
78293082,g,247.07,0.243,1.0,97.5972299789919
78293082,r,247.07,0.216,83.68032379011598,108.09948310700582
78293082,i,247.07,0.196,78.08769858172262,105.33707297723805
78293082,z,247.07,0.183,71.46240902660976,86.20404211388542
78293082,y,247.07,0.171,66.61085832294837,135.87980521408548
78846696,u,893.28,0.27,136.03404460742667,35.672721600115516
78846696,g,893.28,0.239,130.01635427118455,29.787964920612843
78846696,r,893.28,0.212,142.90877433401457,34.03783359775528
78846696,i,893.28,0.193,139.6093024762208,35.21267108178127
78846696,z,893.28,0.18,223.70496220672862,30.972478165656014
78846696,y,893.28,0.169,109.8688500120971,20.473258324748286
80672768,u,201.34,0.357,166.4837217808844,68.4409076358188
80672768,g,201.34,0.315,109.13249650741277,71.28627407382606
80672768,r,201.34,0.28,188.71221061447062,53.63177890034353
80672768,i,201.34,0.254,191.98129657472506,55.540071993076324
80672768,z,201.34,0.237,162.3149609517305,68.36996202906177
80672768,y,201.34,0.222,153.50943376603666,61.38583522975645
81018462,u,74.9697,0.377,54.378204536128344,35.264967338920194
81018462,g,74.9697,0.334,7.907762977069406,46.74917699800974
81018462,r,74.9697,0.296,23.071764759673535,36.73992386351616
81018462,i,74.9697,0.269,22.347431520373664,62.61403953627322
81018462,z,74.9697,0.251,80.5069287069079,68.54770866767507
81018462,y,74.9697,0.235,37.20297517121878,86.10901912882304
82196474,u,315.46,0.401,212.4153680549692,69.74210933988707
82196474,g,315.46,0.355,284.7129494977023,84.93825579531705
82196474,r,315.46,0.315,224.71398952158526,69.2075698136779
82196474,i,315.46,0.286,159.25772716536332,66.68831454994442
82196474,z,315.46,0.267,140.93524816515935,76.13905419986426
82196474,y,315.46,0.25,198.7387160801217,64.62798307769133
82324933,u,127.52,0.187,45.55650112093654,199.99999999999994
82324933,g,127.52,0.165,19.31886078978334,199.99999999999994
82324933,r,127.52,0.147,32.20809748899491,199.99999999999994
82324933,i,127.52,0.133,46.31598402612621,199.99999999999994
82324933,z,127.52,0.124,49.26369044910722,199.99999999999994
82324933,y,127.52,0.117,35.09902599925592,199.99999999999994
83557064,u,196.43,0.477,144.46490919139399,59.54879785301732
83557064,g,196.43,0.422,276.1811021638904,66.16475653517566
83557064,r,196.43,0.374,242.31592132370537,51.02194516643848
83557064,i,196.43,0.34,170.2438661691919,58.89362200638089
83557064,z,196.43,0.317,162.80053943098966,46.04692039613284
83557064,y,196.43,0.297,189.0116620227793,54.43001107324716
83618253,u,1194.42,0.202,48.23421796549845,86.62247139181743
83618253,g,1194.42,0.179,44.73308551803547,78.4239854725665
83618253,r,1194.42,0.159,69.62494128602216,62.94342241367636
83618253,i,1194.42,0.144,47.51825103004626,104.28995006834684
83618253,z,1194.42,0.135,135.6931462227721,65.30860734025255
83618253,y,1194.42,0.126,1193.9617972220528,0.12606340204307073
84451315,u,239.58,0.682,371.9773332729956,0.05312858306142182
84451315,g,239.58,0.604,39.280531330927694,19.597950042164396
84451315,r,239.58,0.535,91.6213104386872,25.148265402892466
84451315,i,239.58,0.486,31.80246170995875,21.52051922111232
84451315,z,239.58,0.454,45.716977461290845,33.65824216822758
84451315,y,239.58,0.426,239.51668212788215,0.42607144111466105
84581322,u,243.71,0.318,56.34813994066221,33.24245945556919
84581322,g,243.71,0.281,36.050018993947965,45.45395991704743
84581322,r,243.71,0.249,84.63899369404375,41.42377233459443
84581322,i,243.71,0.227,51.500608944080675,39.32606779628492
84581322,z,243.71,0.211,142.6998724034758,42.25294675125076
84581322,y,243.71,0.198,32.53100301596814,25.91591037126493
84586525,u,1929.6,0.199,307.05756397053733,89.07461122403997
84586525,g,1929.6,0.176,89.70953080545056,41.44067697238921
84586525,r,1929.6,0.156,120.99344524566995,68.55140173124502
84586525,i,1929.6,0.142,116.00928663852365,57.12932299048811
84586525,z,1929.6,0.133,90.0894554192294,72.78721946488531
84586525,y,1929.6,0.124,83.98651980204764,59.422608938926956
85011188,u,145.63,0.841,1.0,34.520477443169455
85011188,g,145.63,0.744,32.3158051603861,19.5121334862738
85011188,r,145.63,0.66,58.585706487905036,29.23914078408219
85011188,i,145.63,0.6,59.69322140800708,40.5953163207529
85011188,z,145.63,0.56,45.88065437539706,36.24713822119905
85011188,y,145.63,0.524,48.1543875975186,30.318954916144175
85910554,u,383.97,0.366,90.73610259963706,49.295811855201976
85910554,g,383.97,0.324,119.22873818078918,50.47763520944709
85910554,r,383.97,0.287,76.38775520676074,57.201014809380055
85910554,i,383.97,0.261,65.12156488361666,58.1311560756344
85910554,z,383.97,0.244,120.59931673261762,52.35506711334251
85910554,y,383.97,0.228,118.04358409473468,51.12054882388972
86706061,u,377.22,0.317,377.2189278777942,0.3169891885660357
86706061,g,377.22,0.28,377.1921258129435,0.2800370075113234
86706061,r,377.22,0.249,321.9148513719602,160.2509014992846
86706061,i,377.22,0.226,307.12234048225207,141.22892564843715
86706061,z,377.22,0.211,116.1098203640751,131.27140131498115
86706061,y,377.22,0.198,332.72210193788726,156.615815291061
87299595,u,291.74,0.316,30.600822987894436,45.21665871073899
87299595,g,291.74,0.279,10.322516065264695,24.658064986275164
87299595,r,291.74,0.248,11.809442550928813,27.911527950132164
87299595,i,291.74,0.225,10.255459016206885,24.40915363010044
87299595,z,291.74,0.21,41.22580179299804,29.50010952381783
87299595,y,291.74,0.197,131.72141710236784,0.02291277267871164
87505900,u,918.14,0.24,917.9482209848301,0.24007504504373745
87505900,g,918.14,0.212,112.37803952265986,47.445850442319156
87505900,r,918.14,0.188,75.19461527914838,63.01883077090973
87505900,i,918.14,0.171,74.15318243696345,60.7169604658479
87505900,z,918.14,0.16,64.21237918986184,50.52731329022866
87505900,y,918.14,0.15,918.0669366035856,0.14996632405491708
87531891,u,349.32,0.5,22.1843571145902,8.243966236356181
87531891,g,349.32,0.443,78.02417715617337,8.9303435586162
87531891,r,349.32,0.393,98.71167229993803,8.640882410626112
87531891,i,349.32,0.357,139.49511904265097,8.56256856896504
87531891,z,349.32,0.333,73.93776749834646,7.47718618364997
87531891,y,349.32,0.312,55.263954108346795,16.773828410241606
87927965,u,162.35,0.285,89.29690067909247,102.6599730241303
87927965,g,162.35,0.252,184.67874648797513,119.4346724993317
87927965,r,162.35,0.223,168.6967301260301,95.97446206797807
87927965,i,162.35,0.203,81.33024667425893,98.22602068201435
87927965,z,162.35,0.189,123.55337459651328,93.82153186076249
87927965,y,162.35,0.178,177.3657587433636,125.71049515832435
88444541,u,664.23,0.246,36.13046486672618,87.09681151413699
88444541,g,664.23,0.218,199.75642808266693,104.2419747987508
88444541,r,664.23,0.193,124.84328262655023,107.79383716234254
88444541,i,664.23,0.175,124.81639291763116,97.75740822545586
88444541,z,664.23,0.164,147.2113750730966,97.5157262296758
88444541,y,664.23,0.154,121.10181303066786,107.90020838811924
88867245,u,242.39,0.696,466.9268453683037,87.82712627033712
88867245,g,242.39,0.616,24.735515373165722,13.352365961952447
88867245,r,242.39,0.546,25.555570242115525,14.495335942838322
88867245,i,242.39,0.497,653.6798107491444,95.54143366403616
88867245,z,242.39,0.464,516.7234317037086,117.45123039317116
88867245,y,242.39,0.434,476.19513325274664,91.98749307748164
89468015,u,250.22,0.608,35.105638244132024,78.793942976733
89468015,g,250.22,0.538,87.60335616020227,60.50844379138564
89468015,r,250.22,0.477,133.23142269819766,86.36102653040567
89468015,i,250.22,0.434,124.11173933528838,109.25845937218148
89468015,z,250.22,0.405,61.54387762687972,101.43256758812035
89468015,y,250.22,0.379,119.1822837965676,115.56571635270734
90575107,u,395.81,0.458,185.76397982096051,0.014622298689836902
90575107,g,395.81,0.405,308.6441140300329,23.849400474593647
90575107,r,395.81,0.359,22.754200304820042,5.890508930413131
90575107,i,395.81,0.327,94.84018533183945,13.819525494435572
90575107,z,395.81,0.305,88.056014992827,9.325222962566372
90575107,y,395.81,0.286,11.675307223426877,19.350039828829782
91610803,u,373.13,0.281,208.7828121314104,123.11160951703253
91610803,g,373.13,0.248,122.76577203313002,145.38254292548453
91610803,r,373.13,0.22,122.40010918102438,129.56408969041237
91610803,i,373.13,0.2,199.61280723189984,142.42727834830043
91610803,z,373.13,0.187,84.77617566728334,142.47053705563226
91610803,y,373.13,0.175,136.09158853038983,101.90779031947444
92243968,u,1771.94,0.362,161.34476987216752,21.14668655410958
92243968,g,1771.94,0.32,326.19960587563617,34.89229977278083
92243968,r,1771.94,0.284,190.2501734683743,28.279539458136195
92243968,i,1771.94,0.258,315.2113789542818,28.779226407964348
92243968,z,1771.94,0.241,284.05832214077395,30.456196440732775
92243968,y,1771.94,0.226,936.4021435200204,60.96969441968157
92728380,u,149.99,0.263,58.35543032387311,42.52527253250012
92728380,g,149.99,0.232,52.25828230325762,33.4274640827835
92728380,r,149.99,0.206,199.6273585624898,49.60648750309773
92728380,i,149.99,0.187,41.15530823489431,43.12883273056898
92728380,z,149.99,0.175,61.619998064256166,45.77097577667401
92728380,y,149.99,0.164,53.525663438679636,53.35685547084169
92798777,u,92.1189,0.312,25.604816652645695,125.69937349616167
92798777,g,92.1189,0.276,44.107505696161375,149.2360574667058
92798777,r,92.1189,0.245,30.029882001128296,111.85928908824708
92798777,i,92.1189,0.223,21.02967430315516,102.14504310567581
92798777,z,92.1189,0.208,21.33892282667273,100.85024244839825
92798777,y,92.1189,0.195,38.923725964065405,125.01185131758004
92865174,u,218.67,1.186,91.83461875632187,98.19520313043883
92865174,g,218.67,1.05,56.320459406336006,75.05252307619203
92865174,r,218.67,0.931,100.13170257517915,70.37026960070637
92865174,i,218.67,0.846,136.35372396466636,79.10119930217638
92865174,z,218.67,0.789,118.34813893774604,84.1776198027612
92865174,y,218.67,0.74,133.16063758446055,72.12298060102347
93459448,u,458.73,0.246,21.646564926471637,53.409879934714496
93459448,g,458.73,0.218,9.3731677492513,31.11389623879102
93459448,r,458.73,0.193,33.92642444009603,36.609554632603825
93459448,i,458.73,0.175,18.59442630644878,35.14821019369042
93459448,z,458.73,0.164,44.590335321010436,48.44167755382658
93459448,y,458.73,0.154,39.988910321027305,46.504397553255856
93858430,u,353.86,0.249,69.03933670659721,199.99999999999994
93858430,g,353.86,0.221,1.0,199.99999999999994
93858430,r,353.86,0.196,41.39891099630744,182.0419210654001
93858430,i,353.86,0.178,84.80754933949333,199.99999999999994
93858430,z,353.86,0.166,83.3911979482516,199.99999999999994
93858430,y,353.86,0.155,27.279383373433934,199.99999999999994
93880415,u,204.08,0.461,58.478636313268964,25.43916963390944
93880415,g,204.08,0.408,78.57591853943599,21.183319815029833
93880415,r,204.08,0.362,98.8077467995357,23.859751028088493
93880415,i,204.08,0.329,61.47782302261768,21.889993859243575
93880415,z,204.08,0.307,61.2476031990455,29.647496853263725
93880415,y,204.08,0.288,79.384242682356,45.75546856400522
94309126,u,127.04,0.527,12.43211884255138,13.006525548396514
94309126,g,127.04,0.467,1.0,6.563849521830872
94309126,r,127.04,0.414,24.879437635747486,9.921710694138014
94309126,i,127.04,0.376,1.0,5.971804520231896
94309126,z,127.04,0.351,5.141417141097431,13.830040845694244
94309126,y,127.04,0.329,60000.00000000002,6.800097392506762
94693432,u,403.79,0.49,155.74738461747188,0.024929592410467653
94693432,g,403.79,0.434,127.30224284064553,23.120529181749983
94693432,r,403.79,0.384,52.113258647821226,13.888780404083622
94693432,i,403.79,0.349,55.597732496457354,18.333290555943055
94693432,z,403.79,0.326,66.1125607877787,24.069618659392546
94693432,y,403.79,0.306,149.13909851460483,32.85170182663789
95984651,u,78.4055,0.783,50.67939558067318,39.76827863304205
95984651,g,78.4055,0.693,63.491659452446584,29.183739244024004
95984651,r,78.4055,0.614,52.30740122598051,29.76762266125496
95984651,i,78.4055,0.558,41.54624036501829,43.39772676040415
95984651,z,78.4055,0.521,31.520125748177865,49.3408430979896
95984651,y,78.4055,0.488,88.39494741939384,67.10745470911375
96211803,u,256.17,0.219,114.04516788435465,103.66311003053355
96211803,g,256.17,0.194,184.11292214147704,98.05063044141225
96211803,r,256.17,0.172,105.27065345806888,106.2452751565003
96211803,i,256.17,0.156,59.508748798119825,93.10229968355755
96211803,z,256.17,0.146,60.294698789939176,85.79658329549163
96211803,y,256.17,0.137,63.37723447842706,99.92936707993036
97529236,u,225.78,0.387,129.0925582617066,8.920655193910498
97529236,g,225.78,0.342,37.127173999583995,7.6084933569880375
97529236,r,225.78,0.304,32.511697253861314,8.460485906185927
97529236,i,225.78,0.276,1.0,7.4656211033117845
97529236,z,225.78,0.258,6.1368322940660915,15.486264310688167
97529236,y,225.78,0.241,380.57762827993963,0.01203180474635511
97546811,u,1005.36,0.202,1005.3371410199043,0.2019971294277268
97546811,g,1005.36,0.179,36.83461920396494,119.5771321932148
97546811,r,1005.36,0.158,39.55494500557502,126.76538821175319
97546811,i,1005.36,0.144,37.87333664384217,110.71358489922672
97546811,z,1005.36,0.134,17.856419489577025,99.05455244673747
97546811,y,1005.36,0.126,35.732887485845204,116.73886685202598
97688882,u,187.35,0.358,1.0,18.962943833857206
97688882,g,187.35,0.316,1.747665906432769,18.330757365572712
97688882,r,187.35,0.281,12.72377260854894,14.034994059799308
97688882,i,187.35,0.255,78.71959848401441,23.087501781370968
97688882,z,187.35,0.238,41.38452506900459,18.310732139885868
97688882,y,187.35,0.223,137.989147864722,30.08690954074967
98377483,u,413.26,0.455,176.5420329347425,22.907004395777964
98377483,g,413.26,0.403,56.65823960799203,33.44099632633165
98377483,r,413.26,0.357,284.561665814186,30.651673496197827
98377483,i,413.26,0.325,125.03265509414071,33.83238621813235
98377483,z,413.26,0.303,520.4358683015217,37.96046434704869
98377483,y,413.26,0.284,195.62806964914907,31.191318295908047
98544910,u,247.07,0.275,91.4203488249888,108.08723592658212
98544910,g,247.07,0.243,75.84812577007546,114.4705086447063
98544910,r,247.07,0.216,121.47696031746676,104.78369151256892
98544910,i,247.07,0.196,64.36353528589085,76.69107108955544
98544910,z,247.07,0.183,57.73632498418719,89.16904634914248
98544910,y,247.07,0.171,83.79968835672905,147.46793798052673
99854578,u,1008.78,0.201,1008.7799999999995,0.2010362793227607
99854578,g,1008.78,0.178,70.88719712440738,25.380250733299306
99854578,r,1008.78,0.158,12.566250152376986,31.00128208842077
99854578,i,1008.78,0.144,22.959133442141177,23.459206417262145
99854578,z,1008.78,0.134,19.348967629524605,26.244455130714567
99854578,y,1008.78,0.126,1008.744161571355,0.12596652083254048
99906386,u,505.85,0.289,83.54159381344977,59.96360392969679
99906386,g,505.85,0.256,44.49426017534186,71.79873856045118
99906386,r,505.85,0.227,65.125898105395,62.25860158044786
99906386,i,505.85,0.206,79.06050895132942,70.04981828498228
99906386,z,505.85,0.192,70.44792095715138,80.19306429368211
99906386,y,505.85,0.18,33.73538013650535,78.31734264750393
100045757,u,252.16,0.396,575.2006532500085,139.25034947951028
100045757,g,252.16,0.351,395.783239034114,143.56353298553745
100045757,r,252.16,0.311,565.1329421990287,100.6944426819102
100045757,i,252.16,0.283,677.0033567920533,157.9582975868878
100045757,z,252.16,0.264,674.1504118631224,158.018002968771
100045757,y,252.16,0.247,322.42241672666665,183.0758575853633
100185188,u,235.41,0.286,80.2608139818945,199.99999999999994
100185188,g,235.41,0.253,150.09484478359272,199.99999999999994
100185188,r,235.41,0.224,88.94742430742842,199.99999999999994
100185188,i,235.41,0.204,135.79000643780668,199.99999999999994
100185188,z,235.41,0.19,84.85811579640696,199.99999999999994
100185188,y,235.41,0.178,127.5794962923215,199.99999999999994
100229335,u,932.81,0.212,932.5568442336228,0.21202078865760196
100229335,g,932.81,0.188,55.05395804819947,60.49009128391309
100229335,r,932.81,0.166,44.59193956624851,44.571692427084486
100229335,i,932.81,0.151,37.28500945405317,52.22896243643855
100229335,z,932.81,0.141,295.5536159130738,122.17707627288232
100229335,y,932.81,0.132,93.51700663957931,64.13038688790687
101816124,u,105.44,0.406,38.78280771106351,61.81753793483688
101816124,g,105.44,0.359,69.21414660876141,98.9652169855446
101816124,r,105.44,0.319,57.02915071063621,91.8878736547807
101816124,i,105.44,0.29,69.88057960727626,82.30502505506792
101816124,z,105.44,0.27,59.24863592719862,110.57655735409868
101816124,y,105.44,0.253,50.487743458176624,102.80178169050347
102601034,u,594.7,0.341,151.14936632001996,6.497960192916105
102601034,g,594.7,0.301,51.337757956070455,27.980224477805162
102601034,r,594.7,0.267,33.68930701371677,15.113790671601699
102601034,i,594.7,0.243,35.130899332879636,20.994311767662357
102601034,z,594.7,0.227,107.5700823165895,38.016926673532154
102601034,y,594.7,0.212,85.49787393794844,43.63677424443746
103851441,u,112.85,0.294,56.722715807776446,83.30469122693306
103851441,g,112.85,0.26,46.086284804638396,74.51778769855353
103851441,r,112.85,0.231,39.49133328408097,64.80438894449713
103851441,i,112.85,0.21,30.824550253907827,59.38491633347944
103851441,z,112.85,0.196,35.500562549886276,70.26810029686354
103851441,y,112.85,0.183,41.30220656687293,82.96067085432348
104481118,u,136.89,0.368,44.91769698752412,106.0645730468747
104481118,g,136.89,0.326,120.40881806031491,121.95856807557837
104481118,r,136.89,0.289,126.71361847060501,127.90200756577687
104481118,i,136.89,0.262,118.72048750288579,167.59708273823057
104481118,z,136.89,0.245,112.89921375745512,176.22694049416043
104481118,y,136.89,0.229,76.56576068903051,199.99999999999994
105327965,u,468.15,0.376,51.99415129636009,25.45002479845784
105327965,g,468.15,0.333,72.74654594990004,73.89182367677509
105327965,r,468.15,0.295,102.47602608445767,45.108644941321025
105327965,i,468.15,0.268,98.32826760440875,49.29859898121731
105327965,z,468.15,0.25,77.87288438314876,37.57871012666086
105327965,y,468.15,0.235,24.096192117740234,50.0763074093266
105456912,u,265.33,0.41,14.781295732504754,11.23971408563729
105456912,g,265.33,0.363,49.06600153763708,22.76726922880751
105456912,r,265.33,0.322,29.209108986365802,15.851976363022075
105456912,i,265.33,0.293,37.03455037886651,19.205036674823358
105456912,z,265.33,0.273,47.00160854954137,24.738509847888977
105456912,y,265.33,0.256,33.418176280690524,40.98112159372665
106125447,u,619.62,0.41,165.43636885686644,12.639029700452326
106125447,g,619.62,0.363,265.0139887976411,6.778832046917128
106125447,r,619.62,0.322,48.89161175959338,10.71903674233847
106125447,i,619.62,0.293,102.5301128756433,13.195808291143305
106125447,z,619.62,0.273,91.6669884083544,15.61277256289106
106125447,y,619.62,0.256,18.87458339418953,18.11133621225402
106678802,u,377.22,0.317,118.49485379587344,139.53801271528013
106678802,g,377.22,0.28,1.2974492646700126,96.17840698472764
106678802,r,377.22,0.249,32.076173208693824,63.07190762210149
106678802,i,377.22,0.226,234.62040256736933,159.5082419929749
106678802,z,377.22,0.211,123.34924233636474,137.13117354873316
106678802,y,377.22,0.198,94.63497340472904,122.27477197887721
107784644,u,341.47,0.369,60000.00000000002,4.775715624650026
107784644,g,341.47,0.327,50.31619125561555,12.912629541274164
107784644,r,341.47,0.29,112.39494436347053,8.99178576343462
107784644,i,341.47,0.263,60000.00000000002,4.795220804939087
107784644,z,341.47,0.246,5.275747594760911,17.223378861761546
107784644,y,341.47,0.23,341.4758231463581,0.23001438183468645
108057850,u,218.88,0.201,53.55423994730694,199.99999999999994
108057850,g,218.88,0.178,35.32462846987085,199.99999999999994
108057850,r,218.88,0.158,36.71095381137183,199.99999999999994
108057850,i,218.88,0.143,33.44477515552837,199.99999999999994
108057850,z,218.88,0.134,31.460450800552035,199.99999999999994
108057850,y,218.88,0.125,52.55500416608446,199.99999999999994
108246330,u,432.45,0.656,120.20485754725024,12.815188455296688
108246330,g,432.45,0.58,57.71045471213147,17.785453571794008
108246330,r,432.45,0.514,154.50775199207726,16.488371035770275
108246330,i,432.45,0.467,25.171122827673063,15.915574403515098
108246330,z,432.45,0.436,152.26007048272518,19.797719415544357
108246330,y,432.45,0.409,177.14841498428638,32.39221451344839
108400104,u,1166.12,0.188,1166.1150285419965,0.18798717656198896
108400104,g,1166.12,0.167,82.00597850533799,55.79686484679292
108400104,r,1166.12,0.148,34.14171852057179,51.7984983899267
108400104,i,1166.12,0.134,212.60709370192384,106.32282709980528
108400104,z,1166.12,0.125,43.66414349724764,60.16248179561871
108400104,y,1166.12,0.117,1166.1133713940385,0.11698237702522737
108575819,u,616.42,0.306,557.4456983900218,0.010917844860782611
108575819,g,616.42,0.271,8.963991894899683,13.479391773148853
108575819,r,616.42,0.24,7.476405248206044,7.6207350538893435
108575819,i,616.42,0.218,20.814960916653384,16.745152585272827
108575819,z,616.42,0.204,4.716862217709822,13.306123498273932
108575819,y,616.42,0.191,69.14615827113242,18.77349886741906
110203727,u,343.86,0.282,23.906949432085103,99.11922063325355
110203727,g,343.86,0.25,62.18030732672018,104.49275520134015
110203727,r,343.86,0.221,64.75395318214724,94.27050360721016
110203727,i,343.86,0.201,49.49746422486287,94.23500604649556
110203727,z,343.86,0.188,72.84517723295647,102.23176587031799
110203727,y,343.86,0.176,41.238459948437,76.30486700670862
110229320,u,329.6,0.211,19.517952811826273,38.93268159913449
110229320,g,329.6,0.187,16.273079821449688,47.9672286375492
110229320,r,329.6,0.166,34.95470319844207,46.87725760300563
110229320,i,329.6,0.15,16.71982999251401,38.463453777187596
110229320,z,329.6,0.14,22.324738790348192,53.036837715125145
110229320,y,329.6,0.132,75.70642550112287,66.68543623114638
110317479,u,166.28,0.524,1.0,6.910306232423077
110317479,g,166.28,0.464,133.5777996511844,28.750432662484755
110317479,r,166.28,0.411,106.05261363554264,18.848745798933315
110317479,i,166.28,0.374,164.129664816969,25.89253402954741
110317479,z,166.28,0.349,40.91829899686364,26.849245824756128
110317479,y,166.28,0.327,57.04405239559424,21.26280625189837
110682485,u,285.81,0.661,24.49079874160978,67.08061767352982
110682485,g,285.81,0.585,6.673279917968845,60.214339973308036
110682485,r,285.81,0.519,42.46974479378692,60.270132713334235
110682485,i,285.81,0.471,16.099110407116672,52.401654013458845
110682485,z,285.81,0.44,66.16334862359336,90.1325962323175
110682485,y,285.81,0.412,11.738008150500972,35.653324326233765
110850947,u,189.13,0.495,5.3670178492962295,13.98335279311542
110850947,g,189.13,0.438,76.11908410048423,6.259589132484609
110850947,r,189.13,0.389,11.314292958597232,10.49808518141568
110850947,i,189.13,0.353,60.566749343313106,20.28086223985255
110850947,z,189.13,0.33,1.0,7.2021362561999736
110850947,y,189.13,0.309,3.6481143716900872,36.62081330904077
110852184,u,322.79,0.27,1.0,46.87472695875355
110852184,g,322.79,0.239,80.51376987337137,92.78941512792017
110852184,r,322.79,0.212,84.90521450942572,96.41953754255782
110852184,i,322.79,0.193,346.740993615708,131.61280339826325
110852184,z,322.79,0.18,334.3845673287883,122.71655948890844
110852184,y,322.79,0.169,110.44012551742628,109.5566113228948
111273243,u,104.01,1.017,34.77519731271433,19.95212266818576
111273243,g,104.01,0.9,28.62463874443274,16.72762093031899
111273243,r,104.01,0.798,66.24694624853741,37.47117498183423
111273243,i,104.01,0.725,87.35313445103323,55.374928001188984
111273243,z,104.01,0.677,70.1547557639982,51.70819489127928
111273243,y,104.01,0.634,1.0842740856394995,34.91421463264573
111366769,u,388.55,0.4,28.231916144815177,56.68459981372779
111366769,g,388.55,0.354,51.1460501265786,72.61240318713737
111366769,r,388.55,0.314,57.498502436949195,39.96295070131419
111366769,i,388.55,0.285,60.823148959098845,63.63662175448384
111366769,z,388.55,0.266,74.28649654635306,70.55461617645366
111366769,y,388.55,0.249,34.6066519645964,75.03675443430411
111575039,u,67.9331,0.433,491.14979831074487,48.1708248483719
111575039,g,67.9331,0.383,55.2831888726365,58.79468651232287
111575039,r,67.9331,0.34,20.048460033086172,35.33657541771231
111575039,i,67.9331,0.309,99.96875197314226,54.520324305170064
111575039,z,67.9331,0.288,103.00864164872534,50.6540373740594
111575039,y,67.9331,0.27,26.153791107615966,73.84210777399876
113204830,u,1771.94,0.362,1.750224072284377,27.80395074940846
113204830,g,1771.94,0.32,99.1008045613217,25.227010752718698
113204830,r,1771.94,0.284,75.4740909664685,20.80662473956014
113204830,i,1771.94,0.258,154.36341080726842,24.726614166649973
113204830,z,1771.94,0.241,66.53618796151041,26.154024978960077
113204830,y,1771.94,0.226,9.486837927017644,19.650828132768808
114244753,u,237.93,0.555,66.94674428663662,2.068076335351573
114244753,g,237.93,0.491,30.575585112207044,10.094305124020874
114244753,r,237.93,0.435,94.390743532957,7.285699101758087
114244753,i,237.93,0.395,36.99301163092493,7.747277472812797
114244753,z,237.93,0.369,41.80930505872439,5.081918765040338
114244753,y,237.93,0.346,15.959126824210374,20.875406389546093
114421739,u,686.82,0.291,72.84439653325039,6.392832804294606
114421739,g,686.82,0.258,388.5939279198777,25.19062596283153
114421739,r,686.82,0.229,297.45841895357205,30.57454564593216
114421739,i,686.82,0.208,209.85306097537412,34.994318104955966
114421739,z,686.82,0.194,151.7347245813087,33.58779620755442
114421739,y,686.82,0.182,686.6199430064256,0.18207372663283622
114633360,u,203.07,0.274,79.52036627592449,54.23117378977448
114633360,g,203.07,0.243,82.28532200045674,60.29848914996027
114633360,r,203.07,0.215,78.38622915414514,60.86377586845373
114633360,i,203.07,0.196,50.249127823145685,51.18193765921209
114633360,z,203.07,0.183,101.93357063614114,97.02119009046969
114633360,y,203.07,0.171,89.23278830066991,87.17056014376683
115177326,u,710.26,0.34,55.64728008669734,9.421849436378945
115177326,g,710.26,0.301,42.71502248870948,28.89215914338583
115177326,r,710.26,0.267,157.19064468804456,31.828860940938473
115177326,i,710.26,0.242,41.654753390599154,29.52103385220904
115177326,z,710.26,0.226,165.15401656827842,39.33462391682714
115177326,y,710.26,0.212,59.54713113836589,34.098295533956886
115190109,u,187.68,0.357,23.108500646216598,22.907496865883015
115190109,g,187.68,0.316,1.00000494052647,26.29324945844541
115190109,r,187.68,0.28,42.90606110173788,29.172512848119595
115190109,i,187.68,0.254,33.923515642399174,20.10382052086271
115190109,z,187.68,0.237,60.77632912456581,32.526936522987164
115190109,y,187.68,0.222,115.80219049931806,18.610276978002556
116512041,u,505.85,0.289,31.772397392716243,68.16592443794482
116512041,g,505.85,0.256,32.69691685938131,69.47221956520086
116512041,r,505.85,0.227,40.391706718434946,63.75767880879427
116512041,i,505.85,0.206,69.76260320126885,75.27932531646427
116512041,z,505.85,0.192,72.8301133027717,73.12720619464214
116512041,y,505.85,0.18,25.012027049658084,72.97082361043091
116704758,u,110.5,0.358,28.292604698722727,23.542130900690978
116704758,g,110.5,0.317,21.75264467442993,14.18820858965788
116704758,r,110.5,0.281,40.14343122647993,16.004014075430053
116704758,i,110.5,0.255,39.460116082215684,19.928935183610612
116704758,z,110.5,0.238,20.66467828075539,17.79222489148375
116704758,y,110.5,0.223,172.69592608798376,0.009999999999999997
117018439,u,149.09,1.011,51.72490588620411,91.5967536715358
117018439,g,149.09,0.895,79.4376007044257,85.22158628250405
117018439,r,149.09,0.793,69.60265076539864,74.91116749612948
117018439,i,149.09,0.721,75.12024287239998,124.36226651125526
117018439,z,149.09,0.673,49.73128135944463,127.40319878139955
117018439,y,149.09,0.631,35.2844874598582,118.12306115850357
117277073,u,529.11,0.166,529.0573688801211,0.1660405797918198
117277073,g,529.11,0.147,58.67692666271231,199.99999999999994
117277073,r,529.11,0.13,46.59442312860443,199.99999999999994
117277073,i,529.11,0.118,57.090334622696,199.99999999999994
117277073,z,529.11,0.111,55.5721511752329,199.99999999999994
117277073,y,529.11,0.104,54.756199725437156,199.99999999999994
117528645,u,455.07,0.502,2.4476387639518906,31.862006890419565
117528645,g,455.07,0.444,39.41221749719168,24.60521103678338
117528645,r,455.07,0.394,61.07785273712599,17.566576718919137
117528645,i,455.07,0.358,69.14929219762246,21.75366284850633
117528645,z,455.07,0.334,46.26620051980468,23.61346840289341
117528645,y,455.07,0.313,99.89825486308088,27.44122048383193
117655679,u,154.64,0.495,184.81181666374673,90.42995273145529
117655679,g,154.64,0.438,274.3622922977889,67.03359462820498
117655679,r,154.64,0.388,306.2311511097689,74.30029431918074
117655679,i,154.64,0.353,215.92836618322448,84.08652991474062
117655679,z,154.64,0.329,147.9632077341215,133.15093001084844
117655679,y,154.64,0.309,196.67550107043024,99.34627483267742
118002275,u,620.32,0.377,87.01169895592095,50.2576647833943
118002275,g,620.32,0.334,55.7926471431747,47.74307962670824
118002275,r,620.32,0.296,56.816330330510056,41.660119170380945
118002275,i,620.32,0.269,65.53180703610106,47.36299773368253
118002275,z,620.32,0.251,114.54466312926733,56.01041126490649
118002275,y,620.32,0.235,257.1812979973747,68.76173958912725
118914004,u,310.72,0.384,618.3380866940678,197.2447671504786
118914004,g,310.72,0.34,137.97207426516616,121.92841867455591
118914004,r,310.72,0.302,92.0509862862989,101.86035987670886
118914004,i,310.72,0.274,164.73789291331752,155.68518548753306
118914004,z,310.72,0.256,478.78788882244874,173.19914141718266
118914004,y,310.72,0.24,264.29155238259693,199.99999999999994
118945475,u,149.87,0.452,65.37825530293715,38.53051311020242
118945475,g,149.87,0.4,24.41268598190304,39.97202336609533
118945475,r,149.87,0.355,22.86464858510374,36.93126199014678
118945475,i,149.87,0.322,35.88866022192195,48.894861303248796
118945475,z,149.87,0.301,39.83498341463935,43.847256558264036
118945475,y,149.87,0.282,46.7370339494946,57.03125694381985
119645186,u,1327.16,0.373,1059.8347618536952,0.015390730620222634
119645186,g,1327.16,0.33,136.17408626628108,11.03105503131171
119645186,r,1327.16,0.293,14.95597901606703,9.708045452371906
119645186,i,1327.16,0.266,67.90177670692096,9.84609871890339
119645186,z,1327.16,0.248,26.153158849842256,7.763449347287195
119645186,y,1327.16,0.233,1.0,26.047752470196755
119963524,u,310.72,0.384,634.0855375344719,171.5729464794361
119963524,g,310.72,0.34,154.49723661368088,94.16320009628343
119963524,r,310.72,0.302,103.36478738719826,76.90998752575435
119963524,i,310.72,0.274,412.66719624010284,162.7177426864769
119963524,z,310.72,0.256,630.8988290344901,173.0234164847916
119963524,y,310.72,0.24,243.46075509766501,199.99999999999994
119997557,u,53.8409,0.439,266.6924925030147,32.10772591479096
119997557,g,53.8409,0.389,22.545393070234958,27.358567597973757
119997557,r,53.8409,0.344,56.55907241203766,28.141655404192914
119997557,i,53.8409,0.313,90.25490861415396,30.567224554313732
119997557,z,53.8409,0.292,20.23693071861392,38.24917236376973
119997557,y,53.8409,0.274,34.730452919171356,46.643739688513215
121186562,u,122.75,0.371,13.266589312582346,69.98033523148455
121186562,g,122.75,0.328,31.099745432622527,84.80606874520512
121186562,r,122.75,0.291,26.24172765171255,68.18476691615356
121186562,i,122.75,0.264,16.95717872551735,72.18160827159963
121186562,z,122.75,0.247,10.428563565150517,59.142975602795985
121186562,y,122.75,0.231,49.92778471426918,96.29910654102552
121323466,u,242.05,0.59,1.0,21.553808782091476
121323466,g,242.05,0.522,105.39292805088348,32.28211487695124
121323466,r,242.05,0.463,140.27812998616113,37.68472577669195
121323466,i,242.05,0.421,159.20794593777345,24.247301916566744
121323466,z,242.05,0.393,171.99222215119616,26.23433983518986
121323466,y,242.05,0.368,522.5000438868971,37.029500848412894
122596778,u,40.4686,0.486,60.73601166802494,29.27821204245019
122596778,g,40.4686,0.43,17.637365270047155,37.44372290895749
122596778,r,40.4686,0.381,32.70123508942432,23.330394457350632
122596778,i,40.4686,0.346,35.12175589926674,30.344655357228742
122596778,z,40.4686,0.323,34.428763447787354,34.372902570073315
122596778,y,40.4686,0.303,12.790214535098526,47.18708241265916
122628241,u,1929.6,0.199,1929.2051741771056,0.1990455353666268
122628241,g,1929.6,0.176,84.88911427835404,38.58007293569591
122628241,r,1929.6,0.156,65.88174673149578,58.62997201528544
122628241,i,1929.6,0.142,93.67578814625021,54.21924614572513
122628241,z,1929.6,0.133,55.650268429246445,72.26172137790783
122628241,y,1929.6,0.124,59.92824815894923,64.82281634220871
122640408,u,172.63,0.576,56.28483958195294,34.71316769736207
122640408,g,172.63,0.509,74.29357771902126,35.73325695474701
122640408,r,172.63,0.452,105.32635737269858,30.925605849343857
122640408,i,172.63,0.41,145.35320765647037,36.405589621176006
122640408,z,172.63,0.383,81.41058247809032,42.26327711161289
122640408,y,172.63,0.359,53.98805106438941,45.919699971801336
122826251,u,304.31,0.416,27.97579875063649,7.494450716369601
122826251,g,304.31,0.368,4.079385960801911,5.894555877781114
122826251,r,304.31,0.327,36.453961462721836,7.0768550377730834
122826251,i,304.31,0.297,6.488961623390213,5.269714979770702
122826251,z,304.31,0.277,151.67404260744996,0.0132469156931237
122826251,y,304.31,0.26,465.9885727899483,0.03104809788632113
123884873,u,229.45,0.36,15.172737395567063,20.123394359412536
123884873,g,229.45,0.319,9.111931359191356,29.39304500313944
123884873,r,229.45,0.283,24.624353782347114,25.067976729394555
123884873,i,229.45,0.257,18.85380636506037,18.49968362871054
123884873,z,229.45,0.24,78.2215221141573,28.88742568303009
123884873,y,229.45,0.225,1.0,35.503380304695256
124312502,u,441.04,0.339,107.67177914462255,24.299455443699845
124312502,g,441.04,0.3,199.6484070193262,46.97283860067119
124312502,r,441.04,0.266,365.1589820995626,35.55081931597647
124312502,i,441.04,0.242,170.6144881764522,39.29308838949122
124312502,z,441.04,0.226,241.1862439604577,35.95459201256385
124312502,y,441.04,0.211,194.4487980702017,42.12947755002081
124677770,u,927.97,0.308,10.795806180638971,13.570200664189352
124677770,g,927.97,0.273,87.1015302709574,16.513293137567963
124677770,r,927.97,0.242,148.07276203304986,17.0510942597678
124677770,i,927.97,0.22,51.38478627074665,16.4893280599295
124677770,z,927.97,0.205,65.7334075391621,19.30782868952919
124677770,y,927.97,0.192,927.8565966062462,0.19192252668565032
125587948,u,756.83,0.158,756.7052499481728,0.15805187529195927
125587948,g,756.83,0.14,14.246829681458973,183.43223918411894
125587948,r,756.83,0.124,40.70961239514922,187.16574329279976
125587948,i,756.83,0.112,27.308501779718718,199.99999999999994
125587948,z,756.83,0.105,28.598832924579582,199.99999999999994
125587948,y,756.83,0.098,24.985259622548938,188.1438272158462
126677682,u,207.87,0.625,75.91249990319224,21.586940658594976
126677682,g,207.87,0.553,84.59601472474361,23.273907648764723
