object_id,submodel,sim_av,tau,v,re_in,d_s,d_l,teta_e,mass,porb,alpha,beta,ratio,m1,m2,clock,i_p,omega
      4025,1,   0, 19.7500, 96210, 0.1641E+12,8000,5045,  0.0002,  0.0908,  810.14,  0.6986,  0.3177,  0.1462,  0.0594,  0.0313,  -1, -0.5060, -1.2920
     49172,1,   0,  960.76, 76940, 0.6387E+13,8000,4677,  0.0098,  131.86,11344.90,  1.1811,  1.4367,  0.5081, 71.5379, 60.3200,   1, -1.2630, -1.4330
     63782,1,   0, 35.3600, 40670, 0.1243E+12,8000,3004,  0.0003,  0.0517,  214.64,  0.3155,  0.1450,  0.9886,  0.0395,  0.0122,   1, -1.1730,  0.3560
     93049,1,   0, 41.4700, 45850, 0.1643E+12,8000,  296.10,  0.0040,  0.5942,  156.07,  0.4355,  0.1801,  1.5941,  0.4534,  0.1408,   1, -0.1890, -0.2800
    124323,1,   0, 14.5000, 23910, 0.2996E+11,8000,4915,   0,  0.0030,  548.65,  0.9443,  0.8811,  0.1586,  0.0018,  0.0012,   1,  0.3560,  0.6680
    149344,1,   0, 31.6500, 30010, 0.8206E+11,8000, 37.0800,  0.0158,  1.1458, 67.7954,  0.6224,  0.0700,  2.8008,  0.5858,  0.5599,   1, -0.7720, -1.4640
    162367,1,   0,  8.9900, 74020, 0.5747E+11,8000,  101.10,  0.0041,  0.2078, 28.6344,  0.2832,  0.3285,  1.8832,  0.1079,  0.0999,   1, -1.2160, -0.1390
    231522,1,   0, 36.7900, 99060, 0.3149E+12,8000,5199,  0.0004,  0.3421,  982.95,  0.6445,  0.4589,  0.2246,  0.1746,  0.1675,   1,  1.0340, -0.3590
    253649,1,   0, 24.8200, 99460, 0.2133E+12,8000,6430,  0.0002,  0.2264, 1206.34,  0.9505,  1.1783,  0.1235,  0.1515,  0.0749,   1, -0.5280, -1.0710
   1114445,1,   0,  120.76, 39110, 0.4080E+12,8000,2074,  0.0014,  0.6804, 2089.76,  1.0344,  0.5133,  0.3467,  0.3796,  0.3007,   1,  0.7670, -0.2140
   1181297,1,   0,  8.1300, 19050, 0.1338E+11,8000,  189.60,  0.0005,  0.0061,  102.88,  0.8787,  0.7431,  0.4741,  0.0043,  0.0018,  -1,  0.1990,  1.3320
   1320096,1,   0,  8.3200, 80360, 0.5779E+11,8000,6627,  0.0001,  0.0184,  999.63,  1.3415,  0.1435,  0.0500,  0.0111,  0.0073,  -1,  1.5570,  0.5290
   1482736,1,   0,  911.85, 68040, 0.5360E+13,8000,3858,  0.0099, 90.3246, 5096.91,  0.7277,  0.5516,  1.0734, 47.5987, 42.7259,  -1, -0.2190,  0.0080
   1558067,1,   0, 10.0400, 29020, 0.2516E+11,8000,6727,   0,  0.0037,  350.80,  0.8987,  0.1508,  0.1717,  0.0021,  0.0016,  -1, -0.0370,  0.6060
   1590146,1,   0, 68.5600, 93010, 0.5510E+12,8000,4124,  0.0010,  0.9541, 3921.91,  1.3044,  1.2583,  0.1049,  0.7698,  0.1843,  -1, -1.2450, -1.0030
   1730693,1,   0,   8, 48050, 0.3323E+11,8000,2736,  0.0001,  0.0039, 1063.81,  1.4430,  0.1447,  0.0451,  0.0023,  0.0015,   1, -0.5400, -0.5470
   2027390,1,   0, 16.7000, 24770, 0.3574E+11,8000,3666,  0.0001,  0.0040,  877.60,  1.1990,  1.4398,  0.1142,  0.0029,  0.0012,  -1,  1.1190, -1.5080
   2375325,1,   0,  233.64, 41410, 0.8360E+12,8000,3454,  0.0017,  2.2358, 2391.30,  0.8211,  1.0050,  0.5862,  1.4637,  0.7721,   1,  0.4320, -1.4470
   2459126,1,   0, 82.7300, 18520, 0.1324E+12,8000,5398,  0.0002,  0.0627, 2035.62,  1.4148,  0.1590,  0.2438,  0.0402,  0.0225,  -1, -1.0760, -1.3120
   2865141,1,   0,  8.5500,101000, 0.7457E+11,8000,7302,  0.0001,  0.0548,  303.20,  0.6749,  0.9904,  0.1691,  0.0384,  0.0164,  -1,  1.1020,  0.9720
   2961501,1,   0,  4.1000, 95130, 0.3368E+11,8000,4948,   0,  0.0038, 1073.18,  1.4224,  0.6832,  0.0229,  0.0022,  0.0016,   1, -0.9130,  0.2220
   2967584,1,   0, 11.4200, 92290, 0.9109E+11,8000,7753,  0.0001,  0.2174,  239.40,  0.7471,  0.8944,  0.2863,  0.1596,  0.0578,  -1,  0.9250,  1.3090
   3030973,1,   0, 99.2900, 45580, 0.3910E+12,8000,1268,  0.0022,  0.8997, 1232.04,  0.8330,  0.9553,  0.4835,  0.4674,  0.4323,  -1,  1.0040, -0.0220
   3185521,1,   0, 16.9400, 55780, 0.8162E+11,8000,1598,  0.0004,  0.0327,  778.77,  0.9737,  1.5126,  0.1305,  0.0166,  0.0161,   1,  0.0530, -1.3200
   3376654,1,   0, 11.6500, 19960, 0.2009E+11,8000,4164,   0,  0.0013,  229.01,  0.5922,  1.3021,  0.3052,  0.0008,  0.0005,  -1,  1.5340,  1.4670
   3761879,1,   0, 28.8500, 53110, 0.1324E+12,8000,6355,  0.0001,  0.0842, 1322.81,  1.1712,  0.3294,  0.1309,  0.0498,  0.0344,  -1,  1.0090, -0.4860
   4478189,1,   0,  771.02, 91040, 0.6065E+13,8000,3973,  0.0109,  115.48, 7261.32,  0.8839,  0.0080,  0.6371, 90.4744, 25.0033,  -1,  0.6100, -0.7970
   4788142,1,   0, 19.7400, 38470, 0.6561E+11,8000,1265,  0.0004,  0.0254,  276.39,  0.5579,  0.3518,  0.4286,  0.0136,  0.0118,   1, -0.1490, -1.5240
   5112308,1,   0, 39.4200, 73490, 0.2503E+12,8000,7284,  0.0002,  0.6031, 1720.62,  1.4229,  0.2185,  0.1375,  0.3240,  0.2791,   1,  0.3020, -1.0430
   5384228,1,   0,  8.5100, 67790, 0.4987E+11,8000,2687,  0.0001,  0.0088,  186.12,  0.3954,  1.6685,  0.2745,  0.0049,  0.0039,  -1,  0.7670,  1.4840
   5903387,1,   0,  5.9200, 99140, 0.5074E+11,8000,  351.90,  0.0010,  0.0481, 37.3361,  0.2350,  0.4719,  0.9520,  0.0390,  0.0091,   1, -0.5910,  0.8340
   6529720,1,   0, 68.5200, 68750, 0.4070E+12,8000,1861,  0.0016,  0.7286, 1337.61,  0.7879,  0.2588,  0.3074,  0.4336,  0.2950,  -1, -1.4260, -0.8080
   6915162,1,   0, 10.0600, 96460, 0.8383E+11,8000,4823,  0.0001,  0.0230,  249.43,  0.3948,  1.0399,  0.2420,  0.0158,  0.0073,   1,  0.5020,  0.5050
   7478343,1,   0, 30.0700, 98180, 0.2550E+12,8000,5923,  0.0003,  0.2656,  275.72,  0.3134,  0.0860,  0.6543,  0.1925,  0.0732,   1,  0.3120, -0.1500
   7658808,1,   0, 33.8500, 19940, 0.5832E+11,8000,4002,  0.0001,  0.0107, 1207.78,  1.2571,  1.2016,  0.1682,  0.0059,  0.0048,  -1,  0.0760, -0.0600
   7776343,1,   0, 78.1700, 88330, 0.5966E+12,8000,1098,  0.0039,  2.3591,  195.57,  0.2207,  0.2320,  2.3984,  1.8788,  0.4804,  -1, -0.8450, -0.3510
   7924691,1,   0,  6.9000, 42080, 0.2511E+11,8000,6400,   0,  0.0031, 47.8018,  0.2244,  1.3411,  0.8667,  0.0019,  0.0012,  -1, -0.7840, -0.8550
   8172230,1,   0, 71.2500, 51400, 0.3164E+12,8000,1431,  0.0016,  0.5350, 2808.22,  1.4991,  1.4933,  0.1522,  0.3133,  0.2217,   1,  0.3420,  0.2190
   8586941,1,   0, 31.3900, 98060, 0.2659E+12,8000,6973,  0.0003,  0.4962,  733.57,  0.7108,  0.4331,  0.2567,  0.2791,  0.2170,   1, -0.3540,  0.4750
   8800591,1,   0, 22.4100, 18540, 0.3588E+11,8000,5200,   0,  0.0044,  326.27,  0.6374,  0.3873,  0.4120,  0.0031,  0.0013,  -1, -0.3900, -1.4530
   9013555,1,   0, 86.7300, 38460, 0.2882E+12,8000,2674,  0.0008,  0.2930, 2770.12,  1.3344,  0.8747,  0.1878,  0.1708,  0.1222,  -1, -0.0380,  1.2310
   9132220,1,   0,  149.12, 54290, 0.6995E+12,8000,3954,  0.0013,  1.5366, 1328.59,  0.5852,  0.6241,  0.6734,  0.7698,  0.7668,  -1,  1.1620, -0.6990
   9284007,1,   0, 80.6300, 19570, 0.1363E+12,8000,2767,  0.0004,  0.0645,  176.57,  0.2718,  0.2422,  2.7401,  0.0504,  0.0141,   1, -1.3660, -1.3550
   9673764,1,   0,  288.45,100200, 0.2498E+13,8000,6667,  0.0027, 35.2631, 4458.21,  1.0439,  0.1864,  0.3882, 28.5351,  6.7279,  -1, -0.7530, -0.2850
   9689107,1,   0, 36.3700, 61080, 0.1919E+12,8000,2757,  0.0005,  0.1280, 1354.01,  0.9435,  0.5325,  0.1612,  0.0644,  0.0636,   1,  1.5330,  0.9500
   9854001,1,   0, 83.2400, 96710, 0.6955E+12,8000,4236,  0.0012,  1.5241, 5284.84,  1.4737,  0.3436,  0.0945,  1.0397,  0.4844,   1, -0.8220, -0.0420
   9999797,1,   0,  667.85, 15570, 0.8985E+12,8000,3316,  0.0019,  2.6108, 3599.93,  1.0567,  1.5203,  1.1131,  1.8694,  0.7414,   1, -0.7910,  1.5580
  10264349,1,   0, 33.5100, 23340, 0.6757E+11,8000,6336,  0.0001,  0.0218,  560.62,  0.8246,  0.0552,  0.3587,  0.0170,  0.0048,   1, -1.3980,  0.8250
  10283640,1,   0,  877.23, 82390, 0.6245E+13,8000,4237,  0.0105,  122.86,15028.10,  1.4232,  0.1546,  0.3502, 78.9164, 43.9442,   1, -1.1410, -1.0540
  10412165,1,   0, 15.5800, 17310, 0.2330E+11,8000,3015,  0.0001,  0.0018,  368.48,  0.7899,  0.2091,  0.2536,  0.0014,  0.0004,   1,  0.6810,  1.1220
  10871436,1,   0,  110.08, 61170, 0.5818E+12,8000,3277,  0.0013,  1.0984,  397.79,  0.2816,  0.2436,  1.6603,  0.7365,  0.3619,  -1, -0.4740,  0.4840
  10904111,1,   0,  110.08, 61170, 0.5818E+12,8000,3277,  0.0013,  1.0984,  397.79,  0.2816,  0.2436,  1.6603,  0.7365,  0.3619,  -1, -0.4740,  0.4840
  11367414,1,   0, 25.2500, 56000, 0.1222E+12,8000,3611,  0.0002,  0.0473, 1320.23,  1.0458,  0.0117,  0.1148,  0.0289,  0.0184,  -1, -0.0400,  0.8250
  11541095,1,   0,  120.76, 39110, 0.4080E+12,8000,2074,  0.0014,  0.6804, 2089.76,  1.0344,  0.5133,  0.3467,  0.3796,  0.3007,   1,  0.7670, -0.2140
  11909085,1,   0, 92.2700, 84920, 0.6770E+12,8000, 396,  0.0122,  7.6465,  748.28,  0.7041,  0.0674,  0.7399,  4.3411,  3.3054,   1, -0.8110,  0.2080
  11954084,1,   0, 38.0900, 46090, 0.1517E+12,8000,3576,  0.0003,  0.0731,  599.08,  0.5750,  0.1456,  0.3815,  0.0479,  0.0252,   1, -0.1540,  1.5210
  12123282,1,   0, 38.2000, 81050, 0.2675E+12,8000,  338.10,  0.0057,  1.3876,  566.59,  0.8381,  1.2692,  0.4045,  0.8604,  0.5272,   1, -0.7670,  1.2230
  12169653,1,   0,  30, 66200, 0.1716E+12,8000,3066,  0.0004,  0.0978,  511.36,  0.5040,  0.9601,  0.3520,  0.0498,  0.0479,  -1, -1.5350, -1.5360
  12333381,1,   0,  30, 66200, 0.1716E+12,8000,3066,  0.0004,  0.0978,  511.36,  0.5040,  0.9601,  0.3520,  0.0498,  0.0479,  -1, -1.5350, -1.5360
  12517269,1,   0,  3.0200, 15720, 0.4106E+10,8000,5164,   0,  0.0001,  169.02,  0.8452,  0.5586,  0.1073,   0,   0,   1, -0.6840, -0.0020
  12599101,1,   0, 14.8900, 84780, 0.1090E+12,8000,5672,  0.0001,  0.0452,  982.54,  0.9481,  0.3126,  0.0909,  0.0228,  0.0224,  -1,  1.5120,  1.1850
  13594062,1,   0, 78.1700, 88330, 0.5966E+12,8000,1098,  0.0039,  2.3591,  195.57,  0.2207,  0.2320,  2.3984,  1.8788,  0.4804,  -1, -0.8450, -0.3510
  14150466,1,   0, 68.5200, 68750, 0.4070E+12,8000,1861,  0.0016,  0.7286, 1337.61,  0.7879,  0.2588,  0.3074,  0.4336,  0.2950,  -1, -1.4260, -0.8080
  14708851,1,   0, 10.6500, 75310, 0.6931E+11,8000,5000,  0.0001,  0.0161,  714.27,  0.8544,  0.2516,  0.0895,  0.0086,  0.0075,   1, -0.3600,  1.2840
  15524372,1,   0,  114.91, 29070, 0.2886E+12,8000,5749,  0.0004,  0.3233, 2514.60,  1.2910,  0.1460,  0.2742,  0.2531,  0.0702,  -1,  0.7680, -1.5630
  15760955,1,   0, 20.3900, 58520, 0.1031E+12,8000,1792,  0.0004,  0.0480,  980.51,  1.0214,  1.5523,  0.1247,  0.0376,  0.0103,   1,  1.4330, -0.0750
  16009747,1,   0, 38.1100, 30480, 0.1004E+12,8000,2712,  0.0003,  0.0353, 1953.57,  1.4992,  0.1239,  0.1170,  0.0272,  0.0081,  -1, -0.0010,  1.0690
  16012311,1,   0,  652.75, 90360, 0.5096E+13,8000,6549,  0.0056,  137.32, 4133.51,  0.7654,  0.2768,  0.9475, 86.9738, 50.3425,  -1, -1.4740, -1.1090
  16146255,1,   0, 34.2500, 86450, 0.2558E+12,8000,3048,  0.0006,  0.2178, 1597.58,  0.9435,  0.0417,  0.1286,  0.1350,  0.0828,  -1, -1.5200, -1.0480
  16843636,1,   0, 18.2900, 39380, 0.6224E+11,8000,6264,  0.0001,  0.0179,  276.95,  0.5241,  0.9289,  0.3963,  0.0124,  0.0055,   1,  0.8570,  0.1620
  17163043,1,   0, 17.3500, 29700, 0.4451E+11,8000, 85.6200,  0.0037,  0.1469, 71.6600,  0.6003,  0.0130,  1.4525,  0.0776,  0.0692,   1,  1.1810,  0.4680
  17237337,1,   0, 11.6600, 79100, 0.7966E+11,8000,5165,  0.0001,  0.0218,  277.84,  0.4381,  1.4050,  0.2517,  0.0172,  0.0046,   1, -0.3540,  0.6370
  17328635,1,   0, 38.3500, 56470, 0.1871E+12,8000,3244,  0.0004,  0.1140,  661.40,  0.5775,  0.4381,  0.3479,  0.0730,  0.0410,  -1, -0.6810, -0.2840
  17530750,1,   0, 10.5300, 51440, 0.4681E+11,8000,  377.20,  0.0009,  0.0383,  548.41,  1.4161,  1.2011,  0.1152,  0.0287,  0.0096,  -1, -0.1190,  1.1600
  17771058,1,   0, 42.0700, 57450, 0.2088E+12,8000,2042,  0.0007,  0.1801, 1256.42,  0.9243,  0.5251,  0.2009,  0.1387,  0.0414,  -1,  0.7300, -0.0960
  17868549,1,   0, 16.0700, 20750, 0.2881E+11,8000,5998,   0,  0.0035,  631.80,  1.1361,  1.4499,  0.1526,  0.0028,  0.0007,   1, -1.3470, -1.2320
  18475230,1,   0, 16.7900, 85670, 0.1243E+12,8000,4556,  0.0002,  0.0494, 1662.23,  1.2167,  1.1988,  0.0606,  0.0279,  0.0215,   1,  0.4980,  0.3740
  18552927,1,   0, 18.5800, 76490, 0.1228E+12,8000,  104.60,  0.0084,  0.9173, 63.6969,  0.3705,  0.9015,  1.7500,  0.6668,  0.2505,  -1, -0.0340, -0.4530
  18854480,1,   0, 22.0500,100100, 0.1906E+12,8000,6671,  0.0002,  0.2059,  990.94,  0.9038,  0.7436,  0.1335,  0.1566,  0.0493,  -1,  0.6470,  0.3370
  19702163,1,   0,  248.21, 92170, 0.1977E+13,8000,5461,  0.0026, 14.1525, 6833.71,  1.2937,  0.1199,  0.2179,  7.1376,  7.0149,  -1,  1.3760, -0.6110
  20485616,1,   0, 69.3800, 85410, 0.5120E+12,8000,2269,  0.0016,  1.0128, 4198.95,  1.4986,  0.1233,  0.0991,  0.5505,  0.4623,  -1, -1.0680,  1.3780
  20558471,1,   0, 37.9700, 61460, 0.2016E+12,8000,2485,  0.0006,  0.1490, 1110.11,  0.8276,  0.4711,  0.2052,  0.0942,  0.0548,  -1,  0.0390,  1.1140
  20636692,1,   0,  8.5500, 76840, 0.5679E+11,8000,4880,  0.0001,  0.0106,  841.82,  1.0137,  1.0325,  0.0610,  0.0054,  0.0052,   1,  1.3210, -0.5870
  21137578,1,   0, 22.4100, 18540, 0.3588E+11,8000,5200,   0,  0.0044,  326.27,  0.6374,  0.3873,  0.4120,  0.0031,  0.0013,  -1, -0.3900, -1.4530
  21862964,1,   0, 92.2700, 84920, 0.6770E+12,8000, 396,  0.0122,  7.6465,  748.28,  0.7041,  0.0674,  0.7399,  4.3411,  3.3054,   1, -0.8110,  0.2080
  21907507,1,   0, 26.8800, 15670, 0.3640E+11,8000,3808,  0.0001,  0.0042,  458.09,  0.7714,  1.0352,  0.3521,  0.0022,  0.0020,   1,  0.5580, -1.3160
  22040703,1,   0, 38.1400, 79980, 0.2636E+12,8000,3181,  0.0006,  0.2277,  440.57,  0.3938,  0.4844,  0.5195,  0.1249,  0.1027,   1,  0.3640, -0.9750
  22206903,1,   0, 39.0700, 61200, 0.2066E+12,8000,6872,  0.0002,  0.2766,  212.32,  0.3295,  0.4036,  1.1040,  0.1547,  0.1219,   1, -0.5830, -1.3330
  22267552,1,   0, 82.5900, 34180, 0.2439E+12,8000,  531.60,  0.0033,  0.7525,  760.68,  0.9124,  0.6377,  0.6514,  0.4353,  0.3171,  -1, -0.9650,  0.2760
  22346552,1,   0,  110.08, 61170, 0.5818E+12,8000,3277,  0.0013,  1.0984,  397.79,  0.2816,  0.2436,  1.6603,  0.7365,  0.3619,  -1, -0.4740,  0.4840
  22807661,1,   0, 19.3000, 21070, 0.3514E+11,8000,3930,  0.0001,  0.0039,  189.69,  0.4333,  0.4463,  0.6105,  0.0024,  0.0015,   1,  0.7260, -0.1740
  22924325,1,   0, 13.5300, 40890, 0.4780E+11,8000,3276,  0.0001,  0.0074, 92.8107,  0.2455,  0.4129,  0.8747,  0.0053,  0.0021,  -1, -0.4370,  0.0990
  23156372,1,   0,  267.43, 19530, 0.4513E+12,8000,5590,  0.0006,  0.7594, 2289.65,  1.0310,  0.4839,  0.7008,  0.3801,  0.3793,  -1,  0.2460, -0.0760
  23351085,1,   0, 37.4800, 60660, 0.1964E+12,8000,7382,  0.0002,  0.4248,  811.93,  0.9778,  0.6222,  0.2770,  0.3480,  0.0768,  -1, -0.5670,  1.1460
  23500880,1,   0,  117.59, 89940, 0.9138E+12,8000,6783,  0.0010,  5.0830, 1096.04,  0.5872,  1.4051,  0.6437,  2.8668,  2.2162,  -1,  1.0870,  0.1490
  23827343,1,   0, 12.1900, 58560, 0.6169E+11,8000,4712,  0.0001,  0.0123, 1153.97,  1.2098,  0.1156,  0.0634,  0.0075,  0.0049,   1, -0.0270,  0.2540
  23976445,1,   0, 40.7900, 50800, 0.1791E+12,8000,2910,  0.0004,  0.1087,  653.65,  0.5894,  0.2793,  0.3745,  0.0662,  0.0426,  -1, -0.8480, -1.0450
  24588767,1,   0, 28.0600, 92830, 0.2251E+12,8000,6214,  0.0003,  0.2292,  975.52,  0.7852,  1.4289,  0.1726,  0.1764,  0.0528,   1, -1.4340, -1.4870
  24666284,1,   0, 61.7900, 53270, 0.2844E+12,8000,  673.40,  0.0030,  0.8234,  504.05,  0.6128,  0.3020,  0.7356,  0.6624,  0.1610,   1,  0.8730, -1.0020
  24838903,1,   0,  5.1900, 68030, 0.3048E+11,8000,4939,   0,  0.0031,  610.47,  1.0091,  1.1818,  0.0510,  0.0016,  0.0015,   1,  1.3120, -0.6280
  25824569,1,   0,  6.9400,101500, 0.6087E+11,8000,3009,  0.0001,  0.0124,  521.28,  0.7229,  0.2177,  0.0799,  0.0084,  0.0040,  -1, -0.4900, -0.7130
  26322942,1,   0, 30.3400, 15690, 0.4111E+11,8000,  524.40,  0.0006,  0.0217,  100.84,  0.4312,  0.1122,  1.8050,  0.0120,  0.0097,   1, -1.1360, -0.0860
  26365710,1,   0, 38.0200, 97310, 0.3197E+12,8000,5273,  0.0004,  0.3570, 2377.73,  1.1605,  0.7400,  0.0959,  0.1844,  0.1726,   1, -0.8320, -1.3360
  26473632,1,   0, 38.1100, 99730, 0.3284E+12,8000,3014,  0.0008,  0.3604,  264.15,  0.2619,  1.2382,  0.8656,  0.1901,  0.1703,   1,  0.2980, -1.0570
  26519120,1,   0, 18.5800, 76490, 0.1228E+12,8000,  104.60,  0.0084,  0.9173, 63.6969,  0.3705,  0.9015,  1.7500,  0.6668,  0.2505,  -1, -0.0340, -0.4530
  26629783,1,   0, 28.8500, 53110, 0.1324E+12,8000,6355,  0.0001,  0.0842, 1322.81,  1.1712,  0.3294,  0.1309,  0.0498,  0.0344,  -1,  1.0090, -0.4860
  27294154,1,   0, 28.4400, 32310, 0.7938E+11,8000,1474,  0.0004,  0.0329, 1366.20,  1.4590,  1.2140,  0.1249,  0.0181,  0.0148,  -1, -1.5240,  0.5830
  27402740,1,   0, 82.5900, 34180, 0.2439E+12,8000,  531.60,  0.0033,  0.7525,  760.68,  0.9124,  0.6377,  0.6514,  0.4353,  0.3171,  -1, -0.9650,  0.2760
  27643988,1,   0, 38.3500, 56470, 0.1871E+12,8000,3244,  0.0004,  0.1140,  661.40,  0.5775,  0.4381,  0.3479,  0.0730,  0.0410,  -1, -0.6810, -0.2840
  27878306,1,   0,  135.46, 19340, 0.2264E+12,8000,  104.30,  0.0155,  3.1265,  222.98,  0.6972,  0.0530,  3.6450,  2.0493,  1.0772,   1, -0.6480, -0.0180
  27895576,1,   0, 26.7300, 58730, 0.1356E+12,8000,3053,  0.0003,  0.0612, 2128.58,  1.4113,  0.2221,  0.0753,  0.0482,  0.0130,  -1,  0.8580, -1.3540
  28033989,1,   0, 17.2100,102900, 0.1529E+12,8000,3260,  0.0003,  0.0760,  337.18,  0.3939,  0.3066,  0.3062,  0.0450,  0.0310,   1, -0.1680, -0.8490
  28098743,1,   0, 16.6300, 72470, 0.1041E+12,8000,6264,  0.0001,  0.0501,  280.35,  0.4452,  1.5548,  0.3558,  0.0280,  0.0221,  -1,  1.2630,  1.0170
  29109865,1,   0, 28.6500, 64720, 0.1602E+12,8000,2705,  0.0004,  0.0900,  661.96,  0.6237,  0.0400,  0.2597,  0.0580,  0.0320,  -1, -1.0730,  0.4060
  29443168,1,   0, 34.4500, 56590, 0.1684E+12,8000,1872,  0.0006,  0.1242,  306.73,  0.3955,  0.9925,  0.6738,  0.0643,  0.0599,  -1,  0.9380,  0.2550
  29639732,1,   0,  5.9200, 99140, 0.5074E+11,8000,  351.90,  0.0010,  0.0481, 37.3361,  0.2350,  0.4719,  0.9520,  0.0390,  0.0091,   1, -0.5910,  0.8340
  30136020,1,   0, 16.7900, 24290, 0.3524E+11,8000,7899,   0,  0.0779, 67.2796,  0.5886,  0.0776,  1.4974,  0.0587,  0.0193,  -1,  1.5330, -0.5430
  30360439,1,   0, 51.0200, 89370, 0.3940E+12,8000,6803,  0.0004,  0.9571, 2212.16,  1.2468,  1.5945,  0.1384,  0.5126,  0.4446,  -1,  1.4660, -0.0080
  30540853,1,   0, 81.4200, 32860, 0.2312E+12,8000,3819,  0.0004,  0.1682,  278.31,  0.2988,  0.4331,  1.7553,  0.0868,  0.0813,  -1, -0.3830, -0.3060
  30546854,1,   0,  556.26, 85530, 0.4111E+13,8000,4833,  0.0061, 55.4582, 9552.49,  1.2261,  0.8693,  0.3494, 33.2534, 22.2048,  -1, -0.4390, -0.6180
  30572680,1,   0, 21.1200, 59640, 0.1088E+12,8000,3982,  0.0002,  0.0372, 1838.76,  1.3513,  1.0213,  0.0689,  0.0206,  0.0166,  -1, -0.2110,  0.1550
  30596038,1,   0, 69.3800, 85410, 0.5120E+12,8000,2269,  0.0016,  1.0128, 4198.95,  1.4986,  0.1233,  0.0991,  0.5505,  0.4623,  -1, -1.0680,  1.3780
  30977900,1,   0,  267.43, 19530, 0.4513E+12,8000,5590,  0.0006,  0.7594, 2289.65,  1.0310,  0.4839,  0.7008,  0.3801,  0.3793,  -1,  0.2460, -0.0760
  31051863,1,   0,  159.62, 73670, 0.1016E+13,8000,4994,  0.0015,  3.4542, 1898.88,  0.6697,  0.0519,  0.5044,  2.4089,  1.0453,  -1,  0.2170,  0.0140
  31056649,1,   0, 83.5600, 91320, 0.6593E+12,8000,6714,  0.0007,  2.5284, 1094.42,  0.6442,  0.8552,  0.4581,  1.6600,  0.8684,  -1,  0.0560, -0.8760
  31063717,1,   0, 45.2700, 83820, 0.3279E+12,8000,2932,  0.0008,  0.3634, 2964.94,  1.3187,  0.5494,  0.0916,  0.2060,  0.1573,   1, -1.3540, -0.6530
  31130539,1,   0,  9.8300, 61690, 0.5241E+11,8000,5012,  0.0001,  0.0092,  423.46,  0.6622,  1.5158,  0.1393,  0.0055,  0.0037,  -1, -1.2340,  1.4000
  31165582,1,   0, 22.2500, 18100, 0.3479E+11,8000,5025,   0,  0.0041,  330.66,  0.6440,  0.6691,  0.4037,  0.0025,  0.0015,   1, -1.4130,  0.8470
  31403255,1,   0, 38.1100, 99730, 0.3284E+12,8000,3014,  0.0008,  0.3604,  264.15,  0.2619,  1.2382,  0.8656,  0.1901,  0.1703,   1,  0.2980, -1.0570
  31465460,1,   0, 81.4200, 32860, 0.2312E+12,8000,3819,  0.0004,  0.1682,  278.31,  0.2988,  0.4331,  1.7553,  0.0868,  0.0813,  -1, -0.3830, -0.3060
  31492434,1,   0, 20.3900, 58520, 0.1031E+12,8000,1792,  0.0004,  0.0480,  980.51,  1.0214,  1.5523,  0.1247,  0.0376,  0.0103,   1,  1.4330, -0.0750
  31744744,1,   0, 24.7000, 53840, 0.1149E+12,8000,5404,  0.0002,  0.0473,  800.53,  0.7965,  0.6011,  0.1851,  0.0262,  0.0210,  -1,  1.1410,  0.3480
  32461632,1,   0, 71.2500, 51400, 0.3164E+12,8000,1431,  0.0016,  0.5350, 2808.22,  1.4991,  1.4933,  0.1522,  0.3133,  0.2217,   1,  0.3420,  0.2190
  32477184,1,   0, 18.3000, 84550, 0.1337E+12,8000,3914,  0.0002,  0.0562, 1379.01,  1.0416,  1.0765,  0.0796,  0.0290,  0.0272,  -1,  1.4410,  0.3250
  32973042,1,   0, 43.0600, 39540, 0.1471E+12,8000,3883,  0.0003,  0.0680, 1425.54,  1.0316,  0.3396,  0.1812,  0.0419,  0.0261,   1,  1.4380,  1.5320
  32985881,1,   0, 30.1400, 28880, 0.7520E+11,8000,6104,  0.0001,  0.0245,  119.19,  0.2748,  0.6941,  1.5174,  0.0174,  0.0071,   1,  0.3880, -1.5680
  33139445,1,   0,  637.96, 31400, 0.1731E+13,8000,5343,  0.0023, 10.6012,  780.99,  0.3160,  1.9476,  4.9012,  7.0401,  3.5610,  -1,  1.1460, -0.7490
  33226653,1,   0, 55.0400, 83310, 0.3961E+12,8000,1597,  0.0018,  0.7710,  516.24,  0.4373,  0.0998,  0.6397,  0.4372,  0.3338,  -1, -1.0800,  1.1410
  33349169,1,   0, 41.3600, 61720, 0.2206E+12,8000,  897.60,  0.0018,  0.3833,  164.80,  0.2906,  1.4133,  1.5057,  0.2399,  0.1434,  -1, -1.1010,  1.0660
  33403007,1,   0, 22.2500, 18100, 0.3479E+11,8000,5025,   0,  0.0041,  330.66,  0.6440,  0.6691,  0.4037,  0.0025,  0.0015,   1, -1.4130,  0.8470
  33468616,1,   0, 13.7600,100300, 0.1193E+12,8000,4594,  0.0002,  0.0457, 1086.10,  0.9296,  1.2211,  0.0760,  0.0256,  0.0200,   1, -0.1680, -0.4190
  33525797,1,   0, 68.5600, 93010, 0.5510E+12,8000,4124,  0.0010,  0.9541, 3921.91,  1.3044,  1.2583,  0.1049,  0.7698,  0.1843,  -1, -1.2450, -1.0030
  33571609,1,   0,  637.96, 31400, 0.1731E+13,8000,5343,  0.0023, 10.6012,  780.99,  0.3160,  1.9476,  4.9012,  7.0401,  3.5610,  -1,  1.1460, -0.7490
  33650395,1,   0, 52.1400, 47920, 0.2159E+12,8000,1552,  0.0010,  0.2339, 1321.32,  1.0089,  0.4347,  0.2368,  0.1304,  0.1035,   1, -0.4670, -0.9680
  34329476,1,   0,  799.77, 34620, 0.2392E+13,8000,6628,  0.0026, 31.6131, 3950.54,  0.9697,  0.3625,  1.2147, 23.7012,  7.9119,  -1, -1.4650,  1.0330
  34391536,1,   0, 41.1600, 88690, 0.3154E+12,8000,7077,  0.0003,  0.7651, 1837.38,  1.2769,  0.3609,  0.1344,  0.5815,  0.1836,   1, -1.4720, -0.4170
  34461297,1,   0, 86.7300, 38460, 0.2882E+12,8000,2674,  0.0008,  0.2930, 2770.12,  1.3344,  0.8747,  0.1878,  0.1708,  0.1222,  -1, -0.0380,  1.2310
  34572319,1,   0,  877.23, 82390, 0.6245E+13,8000,4237,  0.0105,  122.86,15028.10,  1.4232,  0.1546,  0.3502, 78.9164, 43.9442,   1, -1.1410, -1.0540
  34812542,1,   0, 29.3100, 32970, 0.8350E+11,8000,6906,  0.0001,  0.0463, 1155.27,  1.3903,  1.0494,  0.1522,  0.0313,  0.0150,   1,  0.4440, -0.0300
  34906145,1,   0, 69.5200, 20400, 0.1225E+12,8000,6599,  0.0001,  0.0816, 1309.23,  1.2436,  0.3893,  0.3186,  0.0410,  0.0406,   1, -0.2530, -1.3340
  35493471,1,   0,  135.46, 19340, 0.2264E+12,8000,  104.30,  0.0155,  3.1265,  222.98,  0.6972,  0.0530,  3.6450,  2.0493,  1.0772,   1, -0.6480, -0.0180
  35694493,1,   0, 10.9700, 91410, 0.8663E+11,8000,6103,  0.0001,  0.0326, 1232.89,  1.2442,  0.2929,  0.0534,  0.0176,  0.0150,  -1,  0.2720,  1.4180
  35924053,1,   0, 24.2100, 83650, 0.1750E+12,8000,3631,  0.0003,  0.0969, 1180.59,  0.8609,  0.3048,  0.1230,  0.0592,  0.0377,   1,  1.3350, -1.5570
  36351642,1,   0,  556.26, 85530, 0.4111E+13,8000,4833,  0.0061, 55.4582, 9552.49,  1.2261,  0.8693,  0.3494, 33.2534, 22.2048,  -1, -0.4390, -0.6180
  36982290,1,   0, 82.7300, 18520, 0.1324E+12,8000,5398,  0.0002,  0.0627, 2035.62,  1.4148,  0.1590,  0.2438,  0.0402,  0.0225,  -1, -1.0760, -1.3120
  37245453,1,   0, 28.5900, 22650, 0.5593E+11,8000,  386.90,  0.0010,  0.0534,  650.39,  1.4832,  1.5265,  0.2637,  0.0277,  0.0256,   1, -1.2510, -0.7820
  37431745,1,   0, 10.4700, 87760, 0.7941E+11,8000,1417,  0.0004,  0.0340, 1139.98,  1.3064,  0.3738,  0.0551,  0.0207,  0.0133,   1, -0.9650, -0.3760
  37796584,1,   0, 63.4400, 66880, 0.3666E+12,8000,2173,  0.0012,  0.5331, 1047.88,  0.6699,  1.3153,  0.3633,  0.4151,  0.1180,  -1,  0.8870, -0.9280
  37847214,1,   0,  381.29,104700, 0.3448E+13,8000,4232,  0.0058, 37.4569, 1205.10,  0.3226,  0.3000,  1.8984, 25.8949, 11.5620,   1,  1.5070, -0.0920
  37995753,1,   0, 19.6100, 24150, 0.4092E+11,8000,7823,   0,  0.0609,  323.69,  1.3305,  0.3524,  0.3636,  0.0352,  0.0256,   1, -1.1150, -1.4980
  38255351,1,   0, 64.3500, 88940, 0.4945E+12,8000,7077,  0.0005,  1.8804, 2101.62,  1.2023,  0.3396,  0.1837,  1.3344,  0.5460,   1, -0.3740, -0.6730
  38577791,1,   0, 42.9400, 93260, 0.3460E+12,8000,6456,  0.0004,  0.6033,  992.22,  0.7132,  0.3214,  0.2597,  0.4793,  0.1240,  -1, -0.0790, -1.1430
  38764802,1,   0, 58.3900, 80060, 0.4039E+12,8000,3855,  0.0007,  0.5129,  767.80,  0.4878,  1.0210,  0.4563,  0.2775,  0.2354,  -1,  1.0640,  0.9910
  39218732,1,   0, 38.0200, 97310, 0.3197E+12,8000,5273,  0.0004,  0.3570, 2377.73,  1.1605,  0.7400,  0.0959,  0.1844,  0.1726,   1, -0.8320, -1.3360
  39428264,1,   0, 11.0200, 94000, 0.8953E+11,8000,3373,  0.0002,  0.0258, 1108.43,  1.0377,  0.8909,  0.0597,  0.0133,  0.0125,  -1, -1.3840, -0.5910
  39514130,1,   0, 34.2500, 86450, 0.2558E+12,8000,3048,  0.0006,  0.2178, 1597.58,  0.9435,  0.0417,  0.1286,  0.1350,  0.0828,  -1, -1.5200, -1.0480
  39670078,1,   0, 26.0200, 33580, 0.7548E+11,8000,2493,  0.0002,  0.0208,  215.98,  0.3853,  0.8382,  0.7227,  0.0123,  0.0085,   1,  1.4580,  0.8680
  39953908,1,   0,  877.23, 82390, 0.6245E+13,8000,4237,  0.0105,  122.86,15028.10,  1.4232,  0.1546,  0.3502, 78.9164, 43.9442,   1, -1.1410, -1.0540
  40685966,1,   0,  105.87, 72400, 0.6622E+12,8000,1478,  0.0032,  2.2848, 1069.22,  0.6105,  1.1671,  0.5941,  1.5948,  0.6900,   1,  0.6240, -0.0140
  40996111,1,   0, 33.3700, 94590, 0.2727E+12,8000,  570.80,  0.0034,  0.8812,  741.81,  0.8456,  0.1262,  0.2699,  0.4611,  0.4200,   1, -1.0080, -1.3680
  41332689,1,   0, 92.2700, 84920, 0.6770E+12,8000, 396,  0.0122,  7.6465,  748.28,  0.7041,  0.0674,  0.7399,  4.3411,  3.3054,   1, -0.8110,  0.2080
  41372255,1,   0, 11.7700, 36530, 0.3716E+11,8000,1129,  0.0002,  0.0089,  296.60,  0.7292,  0.2436,  0.2381,  0.0054,  0.0036,   1,  1.4200, -1.5470
  41486701,1,   0,  120.76, 39110, 0.4080E+12,8000,2074,  0.0014,  0.6804, 2089.76,  1.0344,  0.5133,  0.3467,  0.3796,  0.3007,   1,  0.7670, -0.2140
  41841485,1,   0, 81.3800, 99710, 0.7011E+12,8000,  167.30,  0.0300, 18.8461,  182.64,  0.3587,  1.1898,  2.6736,  9.8084,  9.0376,   1,  1.3690, -1.0020
  41864730,1,   0, 10.0600, 96460, 0.8383E+11,8000,4823,  0.0001,  0.0230,  249.43,  0.3948,  1.0399,  0.2420,  0.0158,  0.0073,   1,  0.5020,  0.5050
  42333316,1,   0, 15.6100, 26200, 0.3534E+11,8000,6635,   0,  0.0069,  582.34,  1.1043,  0.8334,  0.1609,  0.0056,  0.0013,  -1, -0.9990, -0.9070
  42421696,1,   0, 21.1400, 33580, 0.6133E+11,8000,  103.90,  0.0042,  0.2303,  358.01,  1.4793,  1.3077,  0.3543,  0.1609,  0.0693,  -1,  0.0050,  1.2030
  42972975,1,   0,  6.4200, 31820, 0.1765E+11,8000,3922,   0,  0.0010,  333.55,  0.7942,  0.4724,  0.1154,  0.0005,  0.0005,   1, -1.4690, -1.1640
  43216898,1,   0,  8.3200, 80360, 0.5779E+11,8000,6627,  0.0001,  0.0184,  999.63,  1.3415,  0.1435,  0.0500,  0.0111,  0.0073,  -1,  1.5570,  0.5290
  43668190,1,   0,  5.9200, 99140, 0.5074E+11,8000,  351.90,  0.0010,  0.0481, 37.3361,  0.2350,  0.4719,  0.9520,  0.0390,  0.0091,   1, -0.5910,  0.8340
  43671138,1,   0, 53.5400, 93260, 0.4314E+12,8000,3375,  0.0009,  0.5989, 1056.73,  0.5951,  0.7225,  0.3040,  0.4426,  0.1563,   1,  0.1600,  0.4180
  43695632,1,   0,  8.1300, 19050, 0.1338E+11,8000,  189.60,  0.0005,  0.0061,  102.88,  0.8787,  0.7431,  0.4741,  0.0043,  0.0018,  -1,  0.1990,  1.3320
  44093262,1,   0, 24.2100, 83650, 0.1750E+12,8000,3631,  0.0003,  0.0969, 1180.59,  0.8609,  0.3048,  0.1230,  0.0592,  0.0377,   1,  1.3350, -1.5570
  44343351,1,   0, 26.2100, 59950, 0.1357E+12,8000,3380,  0.0003,  0.0593, 2162.08,  1.4099,  0.3007,  0.0727,  0.0333,  0.0260,  -1,  0.2570,  1.1590
  44362716,1,   0, 24.0800, 57130, 0.1189E+12,8000,7428,  0.0001,  0.1669,  935.02,  1.3002,  0.4688,  0.1545,  0.1224,  0.0445,  -1,  0.4000, -0.1290
  44570568,1,   0, 99.2900, 45580, 0.3910E+12,8000,1268,  0.0022,  0.8997, 1232.04,  0.8330,  0.9553,  0.4835,  0.4674,  0.4323,  -1,  1.0040, -0.0220
  44748811,1,   0, 33.5100, 23340, 0.6757E+11,8000,6336,  0.0001,  0.0218,  560.62,  0.8246,  0.0552,  0.3587,  0.0170,  0.0048,   1, -1.3980,  0.8250
  45024655,1,   0, 30.8500, 44130, 0.1176E+12,8000,5780,  0.0001,  0.0542,  450.08,  0.5546,  0.8499,  0.4113,  0.0350,  0.0192,   1, -1.4780, -1.5050
  45067117,1,   0, 11.2700, 58880, 0.5732E+11,8000,4863,  0.0001,  0.0108, 98.8526,  0.2422,  1.2911,  0.6838,  0.0067,  0.0041,  -1,  0.5700, -0.8240
  45579885,1,   0,  8.2900, 24070, 0.1723E+11,8000,3379,   0,  0.0010,  350.52,  0.8341,  0.5580,  0.1419,  0.0005,  0.0004,  -1,  0.3870, -1.0840
  45954825,1,   0, 51.0200, 89370, 0.3940E+12,8000,6803,  0.0004,  0.9571, 2212.16,  1.2468,  1.5945,  0.1384,  0.5126,  0.4446,  -1,  1.4660, -0.0080
  46258391,1,   0,  381.29,104700, 0.3448E+13,8000,4232,  0.0058, 37.4569, 1205.10,  0.3226,  0.3000,  1.8984, 25.8949, 11.5620,   1,  1.5070, -0.0920
  46735532,1,   0,  233.64, 41410, 0.8360E+12,8000,3454,  0.0017,  2.2358, 2391.30,  0.8211,  1.0050,  0.5862,  1.4637,  0.7721,   1,  0.4320, -1.4470
  46774610,1,   0, 26.9900, 63170, 0.1473E+12,8000,7474,  0.0001,  0.2772,  891.21,  1.2033,  0.8962,  0.1817,  0.1678,  0.1094,  -1,  0.2380, -0.7660
  46801434,1,   0, 45.5900, 70370, 0.2772E+12,8000,5626,  0.0004,  0.2890, 2173.55,  1.1749,  0.0946,  0.1259,  0.1952,  0.0938,   1,  1.2600, -0.0670
  46831372,1,   0,  51, 65620, 0.2891E+12,8000,5545,  0.0004,  0.3084, 2997.81,  1.4263,  1.2417,  0.1021,  0.2069,  0.1016,   1,  1.0610, -0.8620
  46876847,1,   0, 57.5300, 28950, 0.1439E+12,8000,2734,  0.0004,  0.0723,  290.26,  0.3725,  0.0252,  1.1893,  0.0506,  0.0217,  -1, -0.0480, -0.9980
  46985815,1,   0,  159.62, 73670, 0.1016E+13,8000,4994,  0.0015,  3.4542, 1898.88,  0.6697,  0.0519,  0.5044,  2.4089,  1.0453,  -1,  0.2170,  0.0140
  47048303,1,   0, 18.6000, 51810, 0.8326E+11,8000,4777,  0.0001,  0.0226,  234.65,  0.3793,  0.0682,  0.4756,  0.0137,  0.0090,   1,  1.0190,  0.1730
  47119449,1,   0, 18.3000, 84550, 0.1337E+12,8000,3914,  0.0002,  0.0562, 1379.01,  1.0416,  1.0765,  0.0796,  0.0290,  0.0272,  -1,  1.4410,  0.3250
  47412975,1,   0,  126.35, 62270, 0.6798E+12,8000,4844,  0.0010,  1.5187, 3061.58,  1.0465,  1.2393,  0.2476,  0.8355,  0.6832,   1,  1.0730, -0.4630
  47750877,1,   0, 42.9400, 93260, 0.3460E+12,8000,6456,  0.0004,  0.6033,  992.22,  0.7132,  0.3214,  0.2597,  0.4793,  0.1240,  -1, -0.0790, -1.1430
  47810668,1,   0, 20.1400, 39920, 0.6947E+11,8000,2677,  0.0002,  0.0170,  596.76,  0.7703,  0.0127,  0.2025,  0.0099,  0.0071,   1,  0.0390,  0.0620
  48018136,1,   0, 38.7700, 32380, 0.1085E+12,8000,5597,  0.0001,  0.0440, 1014.09,  0.9639,  0.9981,  0.2294,  0.0232,  0.0207,   1, -0.1080, -1.3370
  48970923,1,   0,  248.21, 92170, 0.1977E+13,8000,5461,  0.0026, 14.1525, 6833.71,  1.2937,  0.1199,  0.2179,  7.1376,  7.0149,  -1,  1.3760, -0.6110
  49624278,1,   0, 28.2700, 41320, 0.1009E+12,8000,1654,  0.0004,  0.0487,  299.16,  0.4753,  0.1119,  0.5670,  0.0305,  0.0183,   1,  0.0320, -1.3550
  49932818,1,   0, 53.1000, 33460, 0.1535E+12,8000,3813,  0.0003,  0.0742, 2335.92,  1.4143,  1.1499,  0.1364,  0.0477,  0.0264,  -1, -0.0480,  0.2800
  50008991,1,   0, 41.1600, 88690, 0.3154E+12,8000,7077,  0.0003,  0.7651, 1837.38,  1.2769,  0.3609,  0.1344,  0.5815,  0.1836,   1, -1.4720, -0.4170
  50029624,1,   0, 28.5900, 22650, 0.5593E+11,8000,  386.90,  0.0010,  0.0534,  650.39,  1.4832,  1.5265,  0.2637,  0.0277,  0.0256,   1, -1.2510, -0.7820
  50088664,1,   0,  173.44, 47970, 0.7188E+12,8000,6155,  0.0008,  2.2851, 3828.40,  1.3165,  0.9103,  0.2718,  1.6331,  0.6520,  -1,  0.5970, -0.7050
  50252430,1,   0,  9.8300, 61690, 0.5241E+11,8000,5012,  0.0001,  0.0092,  423.46,  0.6622,  1.5158,  0.1393,  0.0055,  0.0037,  -1, -1.2340,  1.4000
  50552242,1,   0, 24.7200, 84210, 0.1799E+12,8000,3729,  0.0003,  0.1021,  678.53,  0.5889,  0.7948,  0.2186,  0.0652,  0.0368,   1,  0.6540, -1.2670
  50699171,1,   0, 76.8500, 21100, 0.1401E+12,8000,2653,  0.0004,  0.0695, 2281.68,  1.4932,  0.9064,  0.2021,  0.0512,  0.0183,   1, -1.5050,  1.3320
  50863245,1,   0, 51.4300, 23230, 0.1032E+12,8000,7254,  0.0001,  0.0989,  283.22,  0.5673,  0.2537,  1.0895,  0.0743,  0.0246,  -1,  0.5680, -0.3330
  51756119,1,   0,  775.99, 98530, 0.6606E+13,8000,5021,  0.0094,  146.58, 8917.97,  1.0076,  0.7809,  0.5221, 86.3310, 60.2491,   1, -0.3040, -0.6030
  51903744,1,   0,  248.21, 92170, 0.1977E+13,8000,5461,  0.0026, 14.1525, 6833.71,  1.2937,  0.1199,  0.2179,  7.1376,  7.0149,  -1,  1.3760, -0.6110
  52032867,1,   0, 16.7900, 85670, 0.1243E+12,8000,4556,  0.0002,  0.0494, 1662.23,  1.2167,  1.1988,  0.0606,  0.0279,  0.0215,   1,  0.4980,  0.3740
  52181555,1,   0,  159.62, 73670, 0.1016E+13,8000,4994,  0.0015,  3.4542, 1898.88,  0.6697,  0.0519,  0.5044,  2.4089,  1.0453,  -1,  0.2170,  0.0140
  52323126,1,   0, 38.1100, 99730, 0.3284E+12,8000,3014,  0.0008,  0.3604,  264.15,  0.2619,  1.2382,  0.8656,  0.1901,  0.1703,   1,  0.2980, -1.0570
  52683568,1,   0, 82.9500, 62450, 0.4476E+12,8000,6592,  0.0005,  1.0843, 1812.42,  1.0016,  1.7931,  0.2746,  0.6842,  0.4001,  -1,  1.0660,  1.5420
  52785763,1,   0, 55.0400, 83310, 0.3961E+12,8000,1597,  0.0018,  0.7710,  516.24,  0.4373,  0.0998,  0.6397,  0.4372,  0.3338,  -1, -1.0800,  1.1410
  52950434,1,   0, 34.4500, 56590, 0.1684E+12,8000,1872,  0.0006,  0.1242,  306.73,  0.3955,  0.9925,  0.6738,  0.0643,  0.0599,  -1,  0.9380,  0.2550
  53021710,1,   0, 36.7600, 65940, 0.2094E+12,8000,6010,  0.0002,  0.1842, 2412.97,  1.4349,  0.7706,  0.0914,  0.1495,  0.0347,   1,  1.0850, -0.2700
  53358537,1,   0,  9.5900, 83000, 0.6880E+11,8000,3014,  0.0002,  0.0158, 1517.26,  1.4144,  0.0155,  0.0379,  0.0087,  0.0072,  -1, -1.4940, -0.8490
  53544995,1,   0, 33.3700, 94590, 0.2727E+12,8000,  570.80,  0.0034,  0.8812,  741.81,  0.8456,  0.1262,  0.2699,  0.4611,  0.4200,   1, -1.0080, -1.3680
  53781378,1,   0, 22.3400, 65140, 0.1257E+12,8000,5692,  0.0002,  0.0604,  569.19,  0.6293,  1.1017,  0.2355,  0.0373,  0.0231,   1, -1.2710,  1.3070
  53960697,1,   0,  117.59, 89940, 0.9138E+12,8000,6783,  0.0010,  5.0830, 1096.04,  0.5872,  1.4051,  0.6437,  2.8668,  2.2162,  -1,  1.0870,  0.1490
  54006135,1,   0,  30, 66200, 0.1716E+12,8000,3066,  0.0004,  0.0978,  511.36,  0.5040,  0.9601,  0.3520,  0.0498,  0.0479,  -1, -1.5350, -1.5360
  54369428,1,   0,  7.2500, 76940, 0.4821E+11,8000,5365,  0.0001,  0.0083, 1210.92,  1.3983,  1.1789,  0.0359,  0.0042,  0.0040,  -1, -1.2650,  0.9750
  54729136,1,   0, 71.2500, 51400, 0.3164E+12,8000,1431,  0.0016,  0.5350, 2808.22,  1.4991,  1.4933,  0.1522,  0.3133,  0.2217,   1,  0.3420,  0.2190
  54771654,1,   0, 36.9700, 22140, 0.7071E+11,8000,6870,  0.0001,  0.0324,  728.60,  1.0712,  0.0474,  0.3045,  0.0252,  0.0072,  -1,  1.4640,  0.2700
  55314191,1,   0, 13.1900, 92950, 0.1059E+12,8000,  983.10,  0.0008,  0.0817, 1177.93,  1.3414,  0.7068,  0.0672,  0.0478,  0.0339,  -1,  0.4260,  0.9120
  55374288,1,   0, 47.1900, 93410, 0.3808E+12,8000,3566,  0.0008,  0.4607, 2938.46,  1.2214,  0.9430,  0.0964,  0.2618,  0.1989,   1,  1.3560, -1.2980
  55525191,1,   0, 10.6500, 75310, 0.6931E+11,8000,5000,  0.0001,  0.0161,  714.27,  0.8544,  0.2516,  0.0895,  0.0086,  0.0075,   1, -0.3600,  1.2840
  55865611,1,   0, 39.4600, 95930, 0.3271E+12,8000,1627,  0.0014,  0.5184, 2371.83,  1.2823,  1.0021,  0.0998,  0.3144,  0.2040,   1, -0.0750, -1.0700
  56026134,1,   0,  233.64, 41410, 0.8360E+12,8000,3454,  0.0017,  2.2358, 2391.30,  0.8211,  1.0050,  0.5862,  1.4637,  0.7721,   1,  0.4320, -1.4470
  56036868,1,   0, 32.3000, 59690, 0.1666E+12,8000,2559,  0.0005,  0.1001,  194.16,  0.2744,  0.5568,  0.9982,  0.0655,  0.0347,   1,  1.2910, -0.1240
  56090094,1,   0, 11.5600, 89500, 0.8939E+11,8000,7561,  0.0001,  0.1208,  304.06,  0.7341,  0.5368,  0.2281,  0.0802,  0.0407,   1,  0.9240,  1.2890
  56120997,1,   0, 53.5400, 93260, 0.4314E+12,8000,3375,  0.0009,  0.5989, 1056.73,  0.5951,  0.7225,  0.3040,  0.4426,  0.1563,   1,  0.1600,  0.4180
  56254716,1,   0, 34.4500, 56590, 0.1684E+12,8000,1872,  0.0006,  0.1242,  306.73,  0.3955,  0.9925,  0.6738,  0.0643,  0.0599,  -1,  0.9380,  0.2550
  56353140,1,   0, 15.2300, 68600, 0.9029E+11,8000,7606,  0.0001,  0.1367,  206.03,  0.5843,  0.8820,  0.4436,  0.0732,  0.0636,  -1, -0.1020, -0.6120
  56390832,1,   0, 16.6300, 72470, 0.1041E+12,8000,6264,  0.0001,  0.0501,  280.35,  0.4452,  1.5548,  0.3558,  0.0280,  0.0221,  -1,  1.2630,  1.0170
  56936309,1,   0, 36.3700, 61080, 0.1919E+12,8000,2757,  0.0005,  0.1280, 1354.01,  0.9435,  0.5325,  0.1612,  0.0644,  0.0636,   1,  1.5330,  0.9500
  57094829,1,   0,  771.02, 91040, 0.6065E+13,8000,3973,  0.0109,  115.48, 7261.32,  0.8839,  0.0080,  0.6371, 90.4744, 25.0033,  -1,  0.6100, -0.7970
  57277554,1,   0, 18.3000, 84550, 0.1337E+12,8000,3914,  0.0002,  0.0562, 1379.01,  1.0416,  1.0765,  0.0796,  0.0290,  0.0272,  -1,  1.4410,  0.3250
  57475649,1,   0, 18.3000, 84550, 0.1337E+12,8000,3914,  0.0002,  0.0562, 1379.01,  1.0416,  1.0765,  0.0796,  0.0290,  0.0272,  -1,  1.4410,  0.3250
  57724358,1,   0, 35.8000, 33590, 0.1039E+12,8000,3849,  0.0002,  0.0339,  114.18,  0.2153,  0.1633,  1.8814,  0.0183,  0.0156,  -1, -1.4060, -1.1080
  57736242,1,   0, 19.4300, 98710, 0.1657E+12,8000,5223,  0.0002,  0.0951,  162.97,  0.2413,  0.0524,  0.7152,  0.0716,  0.0235,   1,  1.5280,  0.6000
  57848414,1,   0,  26, 68550, 0.1540E+12,8000,6044,  0.0002,  0.1008,  469.12,  0.5356,  1.4480,  0.3325,  0.0634,  0.0373,   1, -0.4610, -1.4700
  57984483,1,   0,  739.75, 94860, 0.6063E+13,8000,7825,  0.0055, 1348.01, 2046.58,  0.8622,  0.3857,  2.1688,  897.96,  450.05,   1,  0.7060,  0.0880
  58003722,1,   0, 79.4100, 90660, 0.6220E+12,8000,  370.40,  0.0120,  6.8773, 1857.46,  1.3562,  0.0540,  0.2565,  3.4827,  3.3946,  -1, -0.3090, -1.0090
  58308905,1,   0,  877.23, 82390, 0.6245E+13,8000,4237,  0.0105,  122.86,15028.10,  1.4232,  0.1546,  0.3502, 78.9164, 43.9442,   1, -1.1410, -1.0540
  58478279,1,   0, 16.7900, 85670, 0.1243E+12,8000,4556,  0.0002,  0.0494, 1662.23,  1.2167,  1.1988,  0.0606,  0.0279,  0.0215,   1,  0.4980,  0.3740
  58747344,1,   0, 19.6100, 24150, 0.4092E+11,8000,7823,   0,  0.0609,  323.69,  1.3305,  0.3524,  0.3636,  0.0352,  0.0256,   1, -1.1150, -1.4980
  58788443,1,   0, 36.3700, 61080, 0.1919E+12,8000,2757,  0.0005,  0.1280, 1354.01,  0.9435,  0.5325,  0.1612,  0.0644,  0.0636,   1,  1.5330,  0.9500
  59254888,1,   0, 14.4700, 77140, 0.9645E+11,8000,6293,  0.0001,  0.0435, 98.8792,  0.2289,  0.1353,  0.8780,  0.0306,  0.0129,   1,  0.9590,  0.1140
  59672350,1,   0, 20.4400, 29670, 0.5239E+11,8000,7067,  0.0001,  0.0209,  329.56,  0.7365,  0.4909,  0.3721,  0.0157,  0.0052,   1,  1.4970, -1.5270
  59762956,1,   0,  6.3800, 83500, 0.4601E+11,8000, 60.2800,  0.0055,  0.2221, 76.0218,  0.6935,  1.3219,  0.5033,  0.1793,  0.0429,  -1,  1.3730, -0.9010
  59903215,1,   0, 17.2100,102900, 0.1529E+12,8000,3260,  0.0003,  0.0760,  337.18,  0.3939,  0.3066,  0.3062,  0.0450,  0.0310,   1, -0.1680, -0.8490
  60138442,1,   0,  233.64, 41410, 0.8360E+12,8000,3454,  0.0017,  2.2358, 2391.30,  0.8211,  1.0050,  0.5862,  1.4637,  0.7721,   1,  0.4320, -1.4470
  60205010,1,   0, 36.8600, 81300, 0.2589E+12,8000,  529.20,  0.0035,  0.8517,  980.53,  1.0608,  0.6824,  0.2255,  0.4914,  0.3603,  -1,  0.1820,  1.0220
  60332932,1,   0, 24.6500, 38930, 0.8293E+11,8000,5935,  0.0001,  0.0282, 1634.56,  1.4949,  1.0859,  0.0905,  0.0179,  0.0103,  -1,  0.4770,  1.0290
  60364715,1,   0, 16.9500,102800, 0.1506E+12,8000,1754,  0.0006,  0.1040,  521.55,  0.5939,  0.3355,  0.1950,  0.0709,  0.0331,  -1,  0.9930,  0.9000
  60577508,1,   0, 69.5500,101300, 0.6085E+12,8000,5281,  0.0008,  1.2955, 1269.48,  0.6166,  0.3698,  0.3287,  0.7610,  0.5345,  -1,  0.1070, -0.8780
  60726140,1,   0, 25.5800, 87550, 0.1935E+12,8000,4651,  0.0003,  0.1208,  923.47,  0.7111,  1.2097,  0.1662,  0.0706,  0.0502,  -1,  1.0370, -1.3280
  60782909,1,   0,  233.64, 41410, 0.8360E+12,8000,3454,  0.0017,  2.2358, 2391.30,  0.8211,  1.0050,  0.5862,  1.4637,  0.7721,   1,  0.4320, -1.4470
  60934767,1,   0, 55.0500, 62690, 0.2982E+12,8000,  268.70,  0.0079,  2.1500,  570.92,  0.8745,  1.3508,  0.5785,  1.2730,  0.8770,  -1, -0.7820, -1.4130
  61697638,1,   0, 14.4600, 31040, 0.3879E+11,8000,6386,   0,  0.0073,  184.26,  0.4761,  1.0744,  0.4709,  0.0045,  0.0029,  -1,  1.2570, -0.7590
  61816267,1,   0, 68.5200, 68750, 0.4070E+12,8000,1861,  0.0016,  0.7286, 1337.61,  0.7879,  0.2588,  0.3074,  0.4336,  0.2950,  -1, -1.4260, -0.8080
  62343423,1,   0, 41.9200, 50430, 0.1826E+12,8000,7301,  0.0002,  0.3283, 1475.81,  1.4374,  0.7435,  0.1704,  0.1833,  0.1451,  -1, -0.4480,  1.3210
  62879401,1,   0, 19.5100, 73210, 0.1234E+12,8000,5840,  0.0002,  0.0606, 1200.80,  1.0559,  0.5143,  0.0975,  0.0375,  0.0232,   1, -1.2530, -0.5620
  63464370,1,   0,  126.02, 88650, 0.9652E+12,8000,5887,  0.0012,  3.7619,  754.73,  0.3921,  0.0252,  1.0018,  2.8635,  0.8984,   1, -1.3630, -0.7020
  63576430,1,   0, 38.0200, 97310, 0.3197E+12,8000,5273,  0.0004,  0.3570, 2377.73,  1.1605,  0.7400,  0.0959,  0.1844,  0.1726,   1, -0.8320, -1.3360
  63929494,1,   0, 46.6300, 23790, 0.9586E+11,8000,2429,  0.0003,  0.0341, 1754.23,  1.4447,  0.2956,  0.1595,  0.0224,  0.0118,  -1,  0.9830,  0.7170
  64647582,1,   0,  6.9100, 24500, 0.1463E+11,8000,4082,   0,  0.0007,  521.35,  1.1385,  0.6508,  0.0796,  0.0003,  0.0003,  -1, -1.2270, -1.2150
  64697013,1,   0, 20.5000,100300, 0.1776E+12,8000,  797.70,  0.0016,  0.2759,  533.45,  0.7076,  0.4550,  0.2305,  0.1486,  0.1273,   1, -1.4150, -0.9540
  64929207,1,   0, 26.8800, 15670, 0.3640E+11,8000,3808,  0.0001,  0.0042,  458.09,  0.7714,  1.0352,  0.3521,  0.0022,  0.0020,   1,  0.5580, -1.3160
  65323184,1,   0,  775.99, 98530, 0.6606E+13,8000,5021,  0.0094,  146.58, 8917.97,  1.0076,  0.7809,  0.5221, 86.3310, 60.2491,   1, -0.3040, -0.6030
  65378727,1,   0, 30.4400,100300, 0.2639E+12,8000,5566,  0.0003,  0.2583,  445.08,  0.4129,  1.6268,  0.4104,  0.1406,  0.1177,   1, -0.3140,  0.7250
  66439476,1,   0,  381.29,104700, 0.3448E+13,8000,4232,  0.0058, 37.4569, 1205.10,  0.3226,  0.3000,  1.8984, 25.8949, 11.5620,   1,  1.5070, -0.0920
  66483459,1,   0, 88.6800, 77270, 0.5920E+12,8000,6207,  0.0007,  1.5820, 3827.62,  1.4137,  0.5633,  0.1390,  0.9169,  0.6651,   1, -0.7080,  0.4630
  66693234,1,   0, 38.6300, 32270, 0.1077E+12,8000,  884.20,  0.0009,  0.0926, 1082.73,  1.3002,  0.3276,  0.2141,  0.0656,  0.0270,   1, -0.3080,  1.0190
  66768653,1,   0, 44.9300, 68750, 0.2669E+12,8000,5020,  0.0004,  0.2393,  807.47,  0.5920,  0.1064,  0.3339,  0.1688,  0.0705,  -1, -1.5020, -0.6610
  67134396,1,   0, 10.6500, 91710, 0.8439E+11,8000,1614,  0.0004,  0.0347,  153.70,  0.3256,  1.4680,  0.4158,  0.0186,  0.0161,  -1, -0.1160,  0.4370
  67270055,1,   0, 12.8500, 22660, 0.2516E+11,8000,  788.40,  0.0002,  0.0056,  379.72,  1.0861,  0.5673,  0.2030,  0.0032,  0.0024,   1,  1.3180, -1.1430
  67378262,1,   0, 37.2400, 65140, 0.2096E+12,8000,  542.10,  0.0028,  0.5457,  377.10,  0.5975,  0.3448,  0.5925,  0.4476,  0.0981,   1,  0.8000,  0.9740
  67547301,1,   0,  7.5000, 59030, 0.3823E+11,8000,  971.90,  0.0003,  0.0107,  175.84,  0.5319,  0.1072,  0.2558,  0.0088,  0.0020,   1, -0.4690,  1.2910
  67560616,1,   0, 16.5400, 21350, 0.3050E+11,8000,1364,  0.0002,  0.0052,  350.34,  0.8267,  0.7825,  0.2832,  0.0040,  0.0011,  -1, -0.1700, -0.4720
  67868838,1,   0, 15.3600, 25990, 0.3450E+11,8000,1017,  0.0002,  0.0084,  414.61,  0.9625,  0.8645,  0.2223,  0.0047,  0.0037,   1,  1.4670,  1.5110
  68339408,1,   0, 88.0900, 15840, 0.1205E+12,8000,4942,  0.0002,  0.0483, 2188.97,  1.4952,  0.2948,  0.2415,  0.0299,  0.0184,  -1,  0.7440,  0.6660
  68557738,1,   0,  877.23, 82390, 0.6245E+13,8000,4237,  0.0105,  122.86,15028.10,  1.4232,  0.1546,  0.3502, 78.9164, 43.9442,   1, -1.1410, -1.0540
  68707765,1,   0,  739.75, 94860, 0.6063E+13,8000,7825,  0.0055, 1348.01, 2046.58,  0.8622,  0.3857,  2.1688,  897.96,  450.05,   1,  0.7060,  0.0880
  68962927,1,   0, 50.9800, 55530, 0.2446E+12,8000,2821,  0.0006,  0.2057,  993.69,  0.7055,  0.4985,  0.3078,  0.1494,  0.0563,   1,  0.3560,  0.9900
  68998485,1,   0, 22.2500, 18100, 0.3479E+11,8000,5025,   0,  0.0041,  330.66,  0.6440,  0.6691,  0.4037,  0.0025,  0.0015,   1, -1.4130,  0.8470
  69072471,1,   0, 10.3700, 19690, 0.1763E+11,8000,2298,  0.0001,  0.0012,  354.71,  0.8845,  0.3398,  0.1753,  0.0009,  0.0003,  -1,  1.4800,  1.0870
  69171264,1,   0, 19.0800, 60170, 0.9922E+11,8000,5491,  0.0001,  0.0359,  765.06,  0.8164,  0.2144,  0.1497,  0.0226,  0.0133,   1, -0.5420,  0.0540
  69359572,1,   0,  1.2300, 24870, 0.2637E+10,8000,6299,   0,   0,  102.24,  0.7776,  1.0547,  0.0720,   0,   0,  -1, -1.0480, -0.0160
  69737497,1,   0, 16.5000, 87620, 0.1249E+12,8000,3044,  0.0003,  0.0520, 1151.26,  0.9633,  1.3239,  0.0860,  0.0404,  0.0116,   1, -0.7250,  1.4340
  70024812,1,   0, 22.8800, 19760, 0.3905E+11,8000,1188,  0.0002,  0.0095,  769.22,  1.3350,  0.1575,  0.1784,  0.0050,  0.0045,  -1, -0.5560,  0.8410
  70232013,1,   0, 78.3300, 32490, 0.2199E+12,8000,7709,  0.0002,  1.0822,  170.24,  0.4211,  0.3319,  2.7607,  0.5489,  0.5333,  -1,  0.2800,  0.4380
  70505072,1,   0, 16.9500,102800, 0.1506E+12,8000,1754,  0.0006,  0.1040,  521.55,  0.5939,  0.3355,  0.1950,  0.0709,  0.0331,  -1,  0.9930,  0.9000
  70561269,1,   0, 13.1300, 31460, 0.3570E+11,8000,1569,  0.0002,  0.0063,  480.22,  0.9335,  1.2178,  0.1641,  0.0034,  0.0030,   1, -1.4330, -0.2400
  70879241,1,   0,  30, 66200, 0.1716E+12,8000,3066,  0.0004,  0.0978,  511.36,  0.5040,  0.9601,  0.3520,  0.0498,  0.0479,  -1, -1.5350, -1.5360
  70890803,1,   0,  173.44, 47970, 0.7188E+12,8000,6155,  0.0008,  2.2851, 3828.40,  1.3165,  0.9103,  0.2718,  1.6331,  0.6520,  -1,  0.5970, -0.7050
  70952330,1,   0, 57.5300, 28950, 0.1439E+12,8000,2734,  0.0004,  0.0723,  290.26,  0.3725,  0.0252,  1.1893,  0.0506,  0.0217,  -1, -0.0480, -0.9980
  71399442,1,   0,  110.77, 73690, 0.7052E+12,8000,3727,  0.0014,  1.5686, 4285.76,  1.2762,  0.5253,  0.1551,  0.8175,  0.7511,   1,  0.7530,  0.6190
  71418338,1,   0,  739.75, 94860, 0.6063E+13,8000,7825,  0.0055, 1348.01, 2046.58,  0.8622,  0.3857,  2.1688,  897.96,  450.05,   1,  0.7060,  0.0880
  71507323,1,   0,  6.4200, 31820, 0.1765E+11,8000,3922,   0,  0.0010,  333.55,  0.7942,  0.4724,  0.1154,  0.0005,  0.0005,   1, -1.4690, -1.1640
  71598932,1,   0, 78.1700, 88330, 0.5966E+12,8000,1098,  0.0039,  2.3591,  195.57,  0.2207,  0.2320,  2.3984,  1.8788,  0.4804,  -1, -0.8450, -0.3510
  72130689,1,   0, 68.5600, 93010, 0.5510E+12,8000,4124,  0.0010,  0.9541, 3921.91,  1.3044,  1.2583,  0.1049,  0.7698,  0.1843,  -1, -1.2450, -1.0030
  72161495,1,   0, 14.4700, 77140, 0.9645E+11,8000,6293,  0.0001,  0.0435, 98.8792,  0.2289,  0.1353,  0.8780,  0.0306,  0.0129,   1,  0.9590,  0.1140
  72849440,1,   0,  775.99, 98530, 0.6606E+13,8000,5021,  0.0094,  146.58, 8917.97,  1.0076,  0.7809,  0.5221, 86.3310, 60.2491,   1, -0.3040, -0.6030
  74015572,1,   0, 12.4800, 16400, 0.1768E+11,8000,  177.30,  0.0007,  0.0113, 66.3292,  0.6109,  0.2812,  1.1287,  0.0057,  0.0057,  -1,  0.3180,  0.2270
  74029133,1,   0,  3.9500, 26160, 0.8932E+10,8000,7682,   0,  0.0016,  180.08,  1.2355,  0.4862,  0.1317,  0.0012,  0.0005,   1, -1.2870, -0.5650
  74162849,1,   0,  4.9300, 86650, 0.3692E+11,8000,2846,  0.0001,  0.0047,  757.12,  1.1039,  0.1966,  0.0391,  0.0024,  0.0023,  -1, -1.1490,  0.4310
  74229930,1,   0, 12.1900, 58560, 0.6169E+11,8000,4712,  0.0001,  0.0123, 1153.97,  1.2098,  0.1156,  0.0634,  0.0075,  0.0049,   1, -0.0270,  0.2540
  74721329,1,   0, 39.0700, 61200, 0.2066E+12,8000,6872,  0.0002,  0.2766,  212.32,  0.3295,  0.4036,  1.1040,  0.1547,  0.1219,   1, -0.5830, -1.3330
  74781208,1,   0, 91.1100, 45840, 0.3609E+12,8000,5084,  0.0005,  0.4413, 1089.59,  0.6558,  0.1383,  0.5017,  0.3501,  0.0913,   1,  0.0720, -0.7290
  74820077,1,   0, 15.2300, 68600, 0.9029E+11,8000,7606,  0.0001,  0.1367,  206.03,  0.5843,  0.8820,  0.4436,  0.0732,  0.0636,  -1, -0.1020, -0.6120
  74963724,1,   0, 19.3400, 49450, 0.8264E+11,8000,7500,  0.0001,  0.0915, 88.2212,  0.3172,  1.6068,  1.3155,  0.0618,  0.0297,   1,  0.3150, -0.2450
  75013752,1,   0, 50.2400, 66340, 0.2880E+12,8000,3798,  0.0005,  0.2610, 1797.56,  0.9632,  1.4579,  0.1677,  0.2147,  0.0463,   1,  1.4240,  0.6350
  75374702,1,   0, 28.0800, 82490, 0.2001E+12,8000,3246,  0.0004,  0.1304, 1457.49,  0.9561,  0.0928,  0.1156,  0.1080,  0.0224,  -1, -0.3930, -0.4530
  75389440,1,   0, 17.2900, 92720, 0.1385E+12,8000,5036,  0.0002,  0.0646, 2200.82,  1.4387,  0.3758,  0.0471,  0.0352,  0.0294,  -1, -0.4200,  0.8800
  75434989,1,   0, 36.3700, 61080, 0.1919E+12,8000,2757,  0.0005,  0.1280, 1354.01,  0.9435,  0.5325,  0.1612,  0.0644,  0.0636,   1,  1.5330,  0.9500
  76103498,1,   0, 13.7600,100300, 0.1193E+12,8000,4594,  0.0002,  0.0457, 1086.10,  0.9296,  1.2211,  0.0760,  0.0256,  0.0200,   1, -0.1680, -0.4190
  76111914,1,   0, 52.2500, 30360, 0.1371E+12,8000,3724,  0.0003,  0.0593,  181.07,  0.2673,  1.1806,  1.7314,  0.0488,  0.0105,  -1, -0.8280,  1.5000
  76230234,1,   0,  9.8700, 26220, 0.2237E+11,8000,2223,  0.0001,  0.0020,  524.22,  1.0674,  1.2362,  0.1130,  0.0010,  0.0009,   1, -0.6460,  1.0630
  76399239,1,   0,  775.99, 98530, 0.6606E+13,8000,5021,  0.0094,  146.58, 8917.97,  1.0076,  0.7809,  0.5221, 86.3310, 60.2491,   1, -0.3040, -0.6030
  76580537,1,   0, 51.4600, 37980, 0.1689E+12,8000,5628,  0.0002,  0.1073,  165.32,  0.2488,  0.7399,  1.8677,  0.0883,  0.0190,  -1,  1.4250,  0.2100
  76881833,1,   0, 20.3900, 58520, 0.1031E+12,8000,1792,  0.0004,  0.0480,  980.51,  1.0214,  1.5523,  0.1247,  0.0376,  0.0103,   1,  1.4330, -0.0750
  76945386,1,   0,  159.62, 73670, 0.1016E+13,8000,4994,  0.0015,  3.4542, 1898.88,  0.6697,  0.0519,  0.5044,  2.4089,  1.0453,  -1,  0.2170,  0.0140
  77261351,1,   0, 51.0200, 89370, 0.3940E+12,8000,6803,  0.0004,  0.9571, 2212.16,  1.2468,  1.5945,  0.1384,  0.5126,  0.4446,  -1,  1.4660, -0.0080
  77366531,1,   0,  6.4200, 31820, 0.1765E+11,8000,3922,   0,  0.0010,  333.55,  0.7942,  0.4724,  0.1154,  0.0005,  0.0005,   1, -1.4690, -1.1640
  77649235,1,   0, 23.6500, 40460, 0.8269E+11,8000,3603,  0.0002,  0.0217,  174.82,  0.3095,  0.2107,  0.8118,  0.0120,  0.0097,  -1, -1.0960, -0.2250
  78063034,1,   0,  173.44, 47970, 0.7188E+12,8000,6155,  0.0008,  2.2851, 3828.40,  1.3165,  0.9103,  0.2718,  1.6331,  0.6520,  -1,  0.5970, -0.7050
  78261187,1,   0, 81.3800, 99710, 0.7011E+12,8000,  167.30,  0.0300, 18.8461,  182.64,  0.3587,  1.1898,  2.6736,  9.8084,  9.0376,   1,  1.3690, -1.0020
  78623119,1,   0,  3.8000, 43400, 0.1424E+11,8000,6533,   0,  0.0011,  163.86,  0.6300,  1.5462,  0.1390,  0.0008,  0.0003,  -1,  0.6620,  1.2210
  78770456,1,   0, 50.2400, 66340, 0.2880E+12,8000,3798,  0.0005,  0.2610, 1797.56,  0.9632,  1.4579,  0.1677,  0.2147,  0.0463,   1,  1.4240,  0.6350
  78802673,1,   0,  116.82, 29720, 0.2999E+12,8000,1565,  0.0014,  0.4488, 2754.02,  1.4723,  0.5231,  0.2545,  0.2905,  0.1583,  -1, -0.5190, -0.3320
  79042510,1,   0, 66.1300, 38350, 0.2191E+12,8000,6522,  0.0002,  0.2502,  284.34,  0.3650,  1.1688,  1.3954,  0.1835,  0.0668,   1,  1.4860, -1.4030
  79077520,1,   0,  0.8200, 21380,1514000000,8000,1425,   0,   0,  183.85,  1.4467,  0.5161,  0.0268,   0,   0,   1, -1.2540,  0.9740
  79105188,1,   0,  248.21, 92170, 0.1977E+13,8000,5461,  0.0026, 14.1525, 6833.71,  1.2937,  0.1199,  0.2179,  7.1376,  7.0149,  -1,  1.3760, -0.6110
  79707674,1,   0,  7.2600, 23670, 0.1484E+11,8000,3782,   0,  0.0007,  749.27,  1.4444,  1.4570,  0.0581,  0.0005,  0.0002,   1, -0.7270, -1.0680
  79715668,1,   0,  248.21, 92170, 0.1977E+13,8000,5461,  0.0026, 14.1525, 6833.71,  1.2937,  0.1199,  0.2179,  7.1376,  7.0149,  -1,  1.3760, -0.6110
  80929252,1,   0, 33.9400, 50510, 0.1481E+12,8000,7314,  0.0001,  0.2195, 79.6931,  0.2214,  0.5068,  2.5553,  0.1611,  0.0584,  -1,  1.4220, -0.7180
  81916654,1,   0, 27.0700, 42580, 0.9960E+11,8000,4206,  0.0002,  0.0312, 1244.27,  1.0737,  0.5490,  0.1305,  0.0179,  0.0134,  -1, -0.1780, -0.9260
  82274018,1,   0, 53.1000, 33460, 0.1535E+12,8000,3813,  0.0003,  0.0742, 2335.92,  1.4143,  1.1499,  0.1364,  0.0477,  0.0264,  -1, -0.0480,  0.2800
  82397355,1,   0, 14.4700, 77140, 0.9645E+11,8000,6293,  0.0001,  0.0435, 98.8792,  0.2289,  0.1353,  0.8780,  0.0306,  0.0129,   1,  0.9590,  0.1140
  82482785,1,   0,  7.2600, 23670, 0.1484E+11,8000,3782,   0,  0.0007,  749.27,  1.4444,  1.4570,  0.0581,  0.0005,  0.0002,   1, -0.7270, -1.0680
  82491063,1,   0,  233.64, 41410, 0.8360E+12,8000,3454,  0.0017,  2.2358, 2391.30,  0.8211,  1.0050,  0.5862,  1.4637,  0.7721,   1,  0.4320, -1.4470
  82502575,1,   0,  8.6400, 63240, 0.4722E+11,8000,6826,   0,  0.0140,  291.44,  0.6583,  0.7303,  0.1779,  0.0090,  0.0050,  -1,  1.1460, -0.4350
  83010210,1,   0, 13.1500, 50940, 0.5789E+11,8000,2466,  0.0002,  0.0123,  281.48,  0.5033,  0.2268,  0.2804,  0.0072,  0.0051,   1, -0.6430, -1.3120
  83254146,1,   0, 19.4000, 16280, 0.2729E+11,8000,1280,  0.0002,  0.0043,  496.54,  1.1011,  0.6730,  0.2344,  0.0029,  0.0014,  -1, -0.2630, -0.4210
  83445066,1,   0, 51.4300, 23230, 0.1032E+12,8000,7254,  0.0001,  0.0989,  283.22,  0.5673,  0.2537,  1.0895,  0.0743,  0.0246,  -1,  0.5680, -0.3330
  83623980,1,   0,  248.21, 92170, 0.1977E+13,8000,5461,  0.0026, 14.1525, 6833.71,  1.2937,  0.1199,  0.2179,  7.1376,  7.0149,  -1,  1.3760, -0.6110
  83716954,1,   0,  6.9400,101500, 0.6087E+11,8000,3009,  0.0001,  0.0124,  521.28,  0.7229,  0.2177,  0.0799,  0.0084,  0.0040,  -1, -0.4900, -0.7130
  83887201,1,   0, 19.6100, 24150, 0.4092E+11,8000,7823,   0,  0.0609,  323.69,  1.3305,  0.3524,  0.3636,  0.0352,  0.0256,   1, -1.1150, -1.4980
  84122206,1,   0, 37.4800, 60660, 0.1964E+12,8000,7382,  0.0002,  0.4248,  811.93,  0.9778,  0.6222,  0.2770,  0.3480,  0.0768,  -1, -0.5670,  1.1460
  84414865,1,   0,  8.8400, 17740, 0.1355E+11,8000,5469,   0,  0.0007,  305.67,  0.8587,  1.0124,  0.1735,  0.0005,  0.0002,   1, -0.0550, -0.9350
  84661406,1,   0, 32.4000, 35900, 0.1005E+12,8000,3905,  0.0002,  0.0317, 1203.09,  1.0460,  1.2051,  0.1616,  0.0174,  0.0144,  -1,  1.0120, -0.4840
  84721330,1,   0, 23.4800, 55240, 0.1121E+12,8000,3903,  0.0002,  0.0395,  454.63,  0.5272,  0.3254,  0.3099,  0.0215,  0.0180,   1, -0.2160, -0.2800
  84767562,1,   0, 32.6800, 97780, 0.2761E+12,8000,1162,  0.0017,  0.4819,  197.14,  0.2824,  0.3836,  0.9947,  0.2536,  0.2283,  -1, -0.0690, -0.7000
  84784515,1,   0, 29.9300, 32660, 0.8444E+11,8000,6614,  0.0001,  0.0391, 1069.11,  1.2334,  0.4381,  0.1680,  0.0283,  0.0107,  -1,  0.7110, -1.0430
  85166710,1,   0, 11.5600, 89500, 0.8939E+11,8000,7561,  0.0001,  0.1208,  304.06,  0.7341,  0.5368,  0.2281,  0.0802,  0.0407,   1,  0.9240,  1.2890
  85177112,1,   0, 69.3800, 85410, 0.5120E+12,8000,2269,  0.0016,  1.0128, 4198.95,  1.4986,  0.1233,  0.0991,  0.5505,  0.4623,  -1, -1.0680,  1.3780
  85983143,1,   0,  6.4700, 70500, 0.3940E+11,8000,2730,  0.0001,  0.0054,  836.41,  1.1618,  0.8208,  0.0464,  0.0028,  0.0026,  -1, -0.5620, -1.3760
  86164209,1,   0,  3.6500, 76550, 0.2415E+11,8000,6716,   0,  0.0034,  214.47,  0.6547,  0.2438,  0.1021,  0.0018,  0.0016,   1, -1.4380, -1.1280
  86438742,1,   0, 28.8500, 53110, 0.1324E+12,8000,6355,  0.0001,  0.0842, 1322.81,  1.1712,  0.3294,  0.1309,  0.0498,  0.0344,  -1,  1.0090, -0.4860
  86456112,1,   0,  9.1700, 61790, 0.4893E+11,8000,3978,  0.0001,  0.0075,  494.65,  0.7351,  0.1287,  0.1112,  0.0053,  0.0022,   1,  0.4610,  0.7260
  86630335,1,   0, 51.4300, 23230, 0.1032E+12,8000,7254,  0.0001,  0.0989,  283.22,  0.5673,  0.2537,  1.0895,  0.0743,  0.0246,  -1,  0.5680, -0.3330
  86752211,1,   0,  771.02, 91040, 0.6065E+13,8000,3973,  0.0109,  115.48, 7261.32,  0.8839,  0.0080,  0.6371, 90.4744, 25.0033,  -1,  0.6100, -0.7970
  86821185,1,   0,  681.35, 67110, 0.3951E+13,8000,7671,  0.0037,  310.56, 1844.35,  0.7567,  1.5043,  2.2166,  176.22,  134.33,   1,  0.0640,  0.4390
  87305763,1,   0, 69.5500,101300, 0.6085E+12,8000,5281,  0.0008,  1.2955, 1269.48,  0.6166,  0.3698,  0.3287,  0.7610,  0.5345,  -1,  0.1070, -0.8780
  87864363,1,   0, 36.0200, 95750, 0.2980E+12,8000,3237,  0.0007,  0.2893, 3013.64,  1.3594,  0.8047,  0.0717,  0.1971,  0.0922,   1, -0.0430,  1.4330
  88377648,1,   0, 62.3800, 38120, 0.2055E+12,8000,4266,  0.0003,  0.1331,  390.44,  0.3897,  1.5444,  0.9586,  0.0799,  0.0532,  -1,  0.2170,  1.4690
  88387766,1,   0, 13.5300, 40890, 0.4780E+11,8000,3276,  0.0001,  0.0074, 92.8107,  0.2455,  0.4129,  0.8747,  0.0053,  0.0021,  -1, -0.4370,  0.0990
  88463880,1,   0, 34.0400,100900, 0.2967E+12,8000,5244,  0.0004,  0.3059, 3227.22,  1.4561,  0.3651,  0.0633,  0.2373,  0.0686,   1,  0.0200,  1.2280
  88553902,1,   0, 41.1600, 88690, 0.3154E+12,8000,7077,  0.0003,  0.7651, 1837.38,  1.2769,  0.3609,  0.1344,  0.5815,  0.1836,   1, -1.4720, -0.4170
  89217509,1,   0, 55.0400, 83310, 0.3961E+12,8000,1597,  0.0018,  0.7710,  516.24,  0.4373,  0.0998,  0.6397,  0.4372,  0.3338,  -1, -1.0800,  1.1410
  89353562,1,   0, 37.4800, 60660, 0.1964E+12,8000,7382,  0.0002,  0.4248,  811.93,  0.9778,  0.6222,  0.2770,  0.3480,  0.0768,  -1, -0.5670,  1.1460
  90103837,1,   0, 12.4700, 60990, 0.6569E+11,8000, 130,  0.0036,  0.2118,  314.40,  1.2317,  1.0053,  0.2379,  0.1765,  0.0353,   1, -1.0140, -1.0980
  91025735,1,   0, 45.4900, 60750, 0.2388E+12,8000,2872,  0.0006,  0.1945, 1258.68,  0.8303,  1.2144,  0.2169,  0.1032,  0.0913,   1, -0.1920, -1.4830
  91310156,1,   0, 51.4300, 23230, 0.1032E+12,8000,7254,  0.0001,  0.0989,  283.22,  0.5673,  0.2537,  1.0895,  0.0743,  0.0246,  -1,  0.5680, -0.3330
  92043103,1,   0, 16.6700, 36040, 0.5190E+11,8000,5438,  0.0001,  0.0097,  190.53,  0.3996,  1.3528,  0.5248,  0.0052,  0.0045,   1, -1.1740, -0.2580
  93000639,1,   0, 15.3600, 25990, 0.3450E+11,8000,1017,  0.0002,  0.0084,  414.61,  0.9625,  0.8645,  0.2223,  0.0047,  0.0037,   1,  1.4670,  1.5110
  93181102,1,   0, 81.4200, 32860, 0.2312E+12,8000,3819,  0.0004,  0.1682,  278.31,  0.2988,  0.4331,  1.7553,  0.0868,  0.0813,  -1, -0.3830, -0.3060
  93282823,1,   0, 26.1100, 61930, 0.1397E+12,8000,6326,  0.0002,  0.0926, 1689.02,  1.3482,  0.5214,  0.0928,  0.0730,  0.0197,  -1, -0.7800, -0.6500
  93370900,1,   0, 22.1300,101100, 0.1934E+12,8000,6674,  0.0002,  0.2122,  198.16,  0.3078,  0.2452,  0.6700,  0.1273,  0.0849,   1,  1.2160,  0.9800
  93505194,1,   0, 55.0400, 83310, 0.3961E+12,8000,1597,  0.0018,  0.7710,  516.24,  0.4373,  0.0998,  0.6397,  0.4372,  0.3338,  -1, -1.0800,  1.1410
  93521988,1,   0, 87.7500, 53960, 0.4092E+12,8000,6910,  0.0004,  1.1165, 1375.78,  0.9207,  1.3030,  0.3827,  0.7743,  0.3423,   1,  1.0170, -1.0510
  93849995,1,   0, 24.2100, 83650, 0.1750E+12,8000,3631,  0.0003,  0.0969, 1180.59,  0.8609,  0.3048,  0.1230,  0.0592,  0.0377,   1,  1.3350, -1.5570
  93977194,1,   0, 37.4800, 30390, 0.9842E+11,8000,2671,  0.0003,  0.0342,  803.00,  0.8363,  0.2543,  0.2801,  0.0242,  0.0100,  -1,  0.7000,  0.2130
  93982404,1,   0, 35.1800, 54010, 0.1641E+12,8000,1715,  0.0007,  0.1256, 1122.15,  0.9671,  1.3415,  0.1881,  0.0638,  0.0618,   1,  0.2500,  0.3640
  94028329,1,   0, 23.6000, 92410, 0.1885E+12,8000,6845,  0.0002,  0.2257,1591,  1.2925,  0.8480,  0.0890,  0.1150,  0.1107,  -1, -1.3600,  0.4950
  94080827,1,   0, 35.1800, 54010, 0.1641E+12,8000,1715,  0.0007,  0.1256, 1122.15,  0.9671,  1.3415,  0.1881,  0.0638,  0.0618,   1,  0.2500,  0.3640
  94243869,1,   0, 50.2400, 66340, 0.2880E+12,8000,3798,  0.0005,  0.2610, 1797.56,  0.9632,  1.4579,  0.1677,  0.2147,  0.0463,   1,  1.4240,  0.6350
  94402179,1,   0, 68.5600, 93010, 0.5510E+12,8000,4124,  0.0010,  0.9541, 3921.91,  1.3044,  1.2583,  0.1049,  0.7698,  0.1843,  -1, -1.2450, -1.0030
  94637663,1,   0, 70.0300, 53250, 0.3222E+12,8000,7786,  0.0003,  3.1309,  101.02,  0.2891,  1.2332,  4.1592,  1.6375,  1.4934,  -1,  0.0540, -1.1360
  94702117,1,   0,  149.12, 54290, 0.6995E+12,8000,3954,  0.0013,  1.5366, 1328.59,  0.5852,  0.6241,  0.6734,  0.7698,  0.7668,  -1,  1.1620, -0.6990
  94751578,1,   0,  233.64, 41410, 0.8360E+12,8000,3454,  0.0017,  2.2358, 2391.30,  0.8211,  1.0050,  0.5862,  1.4637,  0.7721,   1,  0.4320, -1.4470
  95098484,1,   0, 31.2000,103700, 0.2797E+12,8000,1191,  0.0017,  0.4846, 1527.98,  1.0938,  0.7891,  0.1225,  0.3889,  0.0957,   1,  0.3390, -1.5340
  95342456,1,   0, 38.1400, 79980, 0.2636E+12,8000,3181,  0.0006,  0.2277,  440.57,  0.3938,  0.4844,  0.5195,  0.1249,  0.1027,   1,  0.3640, -0.9750
  95594647,1,   0, 85.7900, 46910, 0.3477E+12,8000,6988,  0.0004,  0.8590, 2271.87,  1.3869,  0.5506,  0.2266,  0.6377,  0.2213,   1, -0.3680,  1.3050
  96110614,1,   0, 24.6500, 38930, 0.8293E+11,8000,5935,  0.0001,  0.0282, 1634.56,  1.4949,  1.0859,  0.0905,  0.0179,  0.0103,  -1,  0.4770,  1.0290
  96153148,1,   0, 30.1300, 71750, 0.1868E+12,8000,6274,  0.0002,  0.1618,  374.83,  0.4453,  0.0587,  0.4822,  0.0953,  0.0666,   1, -0.2430,  0.0650
  96176042,1,   0,  8.6800, 43710, 0.3279E+11,8000, 49.2000,  0.0048,  0.1381, 23.7950,  0.3828,  1.7618,  2.1892,  0.0708,  0.0673,   1,  0.3070, -0.3690
  96238680,1,   0, 69.3800, 85410, 0.5120E+12,8000,2269,  0.0016,  1.0128, 4198.95,  1.4986,  0.1233,  0.0991,  0.5505,  0.4623,  -1, -1.0680,  1.3780
  96551187,1,   0,  775.99, 98530, 0.6606E+13,8000,5021,  0.0094,  146.58, 8917.97,  1.0076,  0.7809,  0.5221, 86.3310, 60.2491,   1, -0.3040, -0.6030
  96967967,1,   0, 46.6300, 23790, 0.9586E+11,8000,2429,  0.0003,  0.0341, 1754.23,  1.4447,  0.2956,  0.1595,  0.0224,  0.0118,  -1,  0.9830,  0.7170
  97059966,1,   0, 68.5200, 68750, 0.4070E+12,8000,1861,  0.0016,  0.7286, 1337.61,  0.7879,  0.2588,  0.3074,  0.4336,  0.2950,  -1, -1.4260, -0.8080
  97110319,1,   0,  135.46, 19340, 0.2264E+12,8000,  104.30,  0.0155,  3.1265,  222.98,  0.6972,  0.0530,  3.6450,  2.0493,  1.0772,   1, -0.6480, -0.0180
  97153918,1,   0, 30.8500, 44130, 0.1176E+12,8000,5780,  0.0001,  0.0542,  450.08,  0.5546,  0.8499,  0.4113,  0.0350,  0.0192,   1, -1.4780, -1.5050
  97209000,1,   0, 37.9700, 61460, 0.2016E+12,8000,2485,  0.0006,  0.1490, 1110.11,  0.8276,  0.4711,  0.2052,  0.0942,  0.0548,  -1,  0.0390,  1.1140
  98365043,1,   0,  877.23, 82390, 0.6245E+13,8000,4237,  0.0105,  122.86,15028.10,  1.4232,  0.1546,  0.3502, 78.9164, 43.9442,   1, -1.1410, -1.0540
  98777768,1,   0, 41.0400, 55260, 0.1959E+12,8000,7195,  0.0002,  0.3328,  477.63,  0.6345,  0.3133,  0.5155,  0.2401,  0.0927,  -1, -1.0910, -1.3940
  98825557,1,   0, 61.0400, 34130, 0.1800E+12,8000, 820,  0.0016,  0.2764,  497.75,  0.6673,  0.5821,  0.7358,  0.2192,  0.0572,   1, -0.7070,  0.8360
  99072701,1,   0, 99.2900, 45580, 0.3910E+12,8000,1268,  0.0022,  0.8997, 1232.04,  0.8330,  0.9553,  0.4835,  0.4674,  0.4323,  -1,  1.0040, -0.0220
  99475502,1,   0, 18.4600, 35700, 0.5695E+11,8000,7214,  0.0001,  0.0287,  617.94,  1.1456,  0.3361,  0.1793,  0.0156,  0.0131,  -1,  1.4420, -0.7910
 100272069,1,   0,  159.62, 73670, 0.1016E+13,8000,4994,  0.0015,  3.4542, 1898.88,  0.6697,  0.0519,  0.5044,  2.4089,  1.0453,  -1,  0.2170,  0.0140
 100323065,1,   0, 19.0800, 60170, 0.9922E+11,8000,5491,  0.0001,  0.0359,  765.06,  0.8164,  0.2144,  0.1497,  0.0226,  0.0133,   1, -0.5420,  0.0540
 100563131,1,   0, 40.8200, 77070, 0.2718E+12,8000,3259,  0.0006,  0.2402, 1704.47,  0.9580,  1.2703,  0.1437,  0.1216,  0.1186,  -1, -0.5610,  0.1620
 100897171,1,   0,  110.08, 61170, 0.5818E+12,8000,3277,  0.0013,  1.0984,  397.79,  0.2816,  0.2436,  1.6603,  0.7365,  0.3619,  -1, -0.4740,  0.4840
 100980808,1,   0, 10.5100, 99430, 0.9027E+11,8000,5414,  0.0001,  0.0292,  118.02,  0.2410,  0.8618,  0.5342,  0.0149,  0.0144,  -1,  0.7920, -0.4030
 101364510,1,   0, 22.1100, 78200, 0.1494E+12,8000,7557,  0.0001,  0.3348,  590.75,  0.9607,  1.4023,  0.2245,  0.2563,  0.0784,   1,  0.1630, -0.6540
 101914574,1,   0, 16.9500,102800, 0.1506E+12,8000,1754,  0.0006,  0.1040,  521.55,  0.5939,  0.3355,  0.1950,  0.0709,  0.0331,  -1,  0.9930,  0.9000
 102079096,1,   0,  739.75, 94860, 0.6063E+13,8000,7825,  0.0055, 1348.01, 2046.58,  0.8622,  0.3857,  2.1688,  897.96,  450.05,   1,  0.7060,  0.0880
 102194301,1,   0, 12.4600, 40220, 0.4329E+11,8000, 676,  0.0005,  0.0190,  536.67,  1.1953,  1.0726,  0.1393,  0.0096,  0.0094,   1, -1.3200, -0.1690
 102328517,1,   0, 92.2700, 84920, 0.6770E+12,8000, 396,  0.0122,  7.6465,  748.28,  0.7041,  0.0674,  0.7399,  4.3411,  3.3054,   1, -0.8110,  0.2080
 102339925,1,   0,  8.8300, 74400, 0.5679E+11,8000,4351,  0.0001,  0.0102,  279.95,  0.4798,  1.6588,  0.1893,  0.0081,  0.0021,   1, -0.6360, -0.8080
 102539123,1,   0, 41.9200, 50430, 0.1826E+12,8000,7301,  0.0002,  0.3283, 1475.81,  1.4374,  0.7435,  0.1704,  0.1833,  0.1451,  -1, -0.4480,  1.3210
 102873739,1,   0,  288.45,100200, 0.2498E+13,8000,6667,  0.0027, 35.2631, 4458.21,  1.0439,  0.1864,  0.3882, 28.5351,  6.7279,  -1, -0.7530, -0.2850
 102976188,1,   0,  288.45,100200, 0.2498E+13,8000,6667,  0.0027, 35.2631, 4458.21,  1.0439,  0.1864,  0.3882, 28.5351,  6.7279,  -1, -0.7530, -0.2850
 103016892,1,   0, 11.6600, 39370, 0.3967E+11,8000,  263.30,  0.0011,  0.0388,  296.80,  1.1148,  0.7732,  0.2358,  0.0264,  0.0124,   1,  0.8770, -0.5510
 103035305,1,   0,  8.8300, 74400, 0.5679E+11,8000,4351,  0.0001,  0.0102,  279.95,  0.4798,  1.6588,  0.1893,  0.0081,  0.0021,   1, -0.6360, -0.8080
 104263423,1,   0,  162.85, 34210, 0.4813E+12,8000,6598,  0.0005,  1.2584, 2550.36,  1.2291,  0.5957,  0.3831,  0.7397,  0.5187,  -1, -0.0940,  1.0610
 104312529,1,   0,  126.02, 88650, 0.9652E+12,8000,5887,  0.0012,  3.7619,  754.73,  0.3921,  0.0252,  1.0018,  2.8635,  0.8984,   1, -1.3630, -0.7020
 104443730,1,   0,  775.99, 98530, 0.6606E+13,8000,5021,  0.0094,  146.58, 8917.97,  1.0076,  0.7809,  0.5221, 86.3310, 60.2491,   1, -0.3040, -0.6030
 104633232,1,   0,  5.0700, 47680, 0.2087E+11,8000,4901,   0,  0.0014,  677.48,  1.2254,  0.6322,  0.0449,  0.0010,  0.0005,  -1,  1.0710, -0.4150
 104754600,1,   0,  126.02, 88650, 0.9652E+12,8000,5887,  0.0012,  3.7619,  754.73,  0.3921,  0.0252,  1.0018,  2.8635,  0.8984,   1, -1.3630, -0.7020
 104790763,1,   0, 31.0600, 40960, 0.1099E+12,8000,6509,  0.0001,  0.0626,  154.58,  0.3054,  1.4090,  1.2055,  0.0369,  0.0256,   1, -1.0340, -0.2370
 104935693,1,   0, 37.7700, 27640, 0.9020E+11,8000,2355,  0.0003,  0.0307,  947.77,  0.9838,  1.3351,  0.2391,  0.0242,  0.0065,   1, -0.6380, -0.3660
 105197199,1,   0, 34.2500, 86450, 0.2558E+12,8000,3048,  0.0006,  0.2178, 1597.58,  0.9435,  0.0417,  0.1286,  0.1350,  0.0828,  -1, -1.5200, -1.0480
 105267555,1,   0, 25.4500, 50900, 0.1119E+12,8000,5275,  0.0002,  0.0438,  724.03,  0.7453,  0.5599,  0.2109,  0.0317,  0.0120,   1, -1.4210, -0.1210
 105789648,1,   0,  6.9000, 38290, 0.2284E+11,8000,2979,  0.0001,  0.0018,  566.78,  1.0611,  0.6837,  0.0731,  0.0009,  0.0008,  -1, -1.4500, -1.3370
 106669113,1,   0,  173.44, 47970, 0.7188E+12,8000,6155,  0.0008,  2.2851, 3828.40,  1.3165,  0.9103,  0.2718,  1.6331,  0.6520,  -1,  0.5970, -0.7050
 107040777,1,   0, 31.0600, 40960, 0.1099E+12,8000,6509,  0.0001,  0.0626,  154.58,  0.3054,  1.4090,  1.2055,  0.0369,  0.0256,   1, -1.0340, -0.2370
 107250566,1,   0, 21.5700, 36090, 0.6726E+11,8000,4059,  0.0001,  0.0142, 1480.55,  1.3732,  1.1721,  0.0874,  0.0079,  0.0063,  -1,  1.5580, -1.4060
 107558589,1,   0,  771.02, 91040, 0.6065E+13,8000,3973,  0.0109,  115.48, 7261.32,  0.8839,  0.0080,  0.6371, 90.4744, 25.0033,  -1,  0.6100, -0.7970
 107676501,1,   0,  7.4600, 22640, 0.1458E+11,8000,3562,   0,  0.0007,  421.11,  0.9925,  0.2513,  0.1062,  0.0004,  0.0003,   1, -0.4540, -0.0710
 107741961,1,   0, 10.5100, 99430, 0.9027E+11,8000,5414,  0.0001,  0.0292,  118.02,  0.2410,  0.8618,  0.5342,  0.0149,  0.0144,  -1,  0.7920, -0.4030
 107969410,1,   0, 52.5000, 69460, 0.3151E+12,8000,1621,  0.0014,  0.4822,  568.00,  0.5011,  0.8291,  0.5546,  0.2416,  0.2407,   1, -0.6080,  1.2500
 108018816,1,   0,  8.1300, 19050, 0.1338E+11,8000,  189.60,  0.0005,  0.0061,  102.88,  0.8787,  0.7431,  0.4741,  0.0043,  0.0018,  -1,  0.1990,  1.3320
 108397153,1,   0, 37.4500, 55590, 0.1799E+12,8000,  232.50,  0.0055,  0.9001,  762.83,  1.3155,  1.0220,  0.2946,  0.7248,  0.1753,   1,  0.0640, -1.0960
 108567067,1,   0,  9.5900, 83000, 0.6880E+11,8000,3014,  0.0002,  0.0158, 1517.26,  1.4144,  0.0155,  0.0379,  0.0087,  0.0072,  -1, -1.4940, -0.8490
 108959890,1,   0, 37.4500, 55590, 0.1799E+12,8000,  232.50,  0.0055,  0.9001,  762.83,  1.3155,  1.0220,  0.2946,  0.7248,  0.1753,   1,  0.0640, -1.0960
 108995677,1,   0, 10.1300, 71550, 0.6262E+11,8000,5700,  0.0001,  0.0150,  537.91,  0.7651,  0.7479,  0.1130,  0.0094,  0.0056,  -1,  1.2060,  0.1090
 109204389,1,   0, 64.6200, 88420, 0.4936E+12,8000,6227,  0.0006,  1.1085, 2749.38,  1.2079,  1.3106,  0.1410,  0.6225,  0.4861,  -1, -1.1560,  0.3730
 110499072,1,   0,  877.23, 82390, 0.6245E+13,8000,4237,  0.0105,  122.86,15028.10,  1.4232,  0.1546,  0.3502, 78.9164, 43.9442,   1, -1.1410, -1.0540
 110629795,1,   0, 81.4200, 32860, 0.2312E+12,8000,3819,  0.0004,  0.1682,  278.31,  0.2988,  0.4331,  1.7553,  0.0868,  0.0813,  -1, -0.3830, -0.3060
 110837356,1,   0, 16.9400, 55780, 0.8162E+11,8000,1598,  0.0004,  0.0327,  778.77,  0.9737,  1.5126,  0.1305,  0.0166,  0.0161,   1,  0.0530, -1.3200
 111009817,1,   0, 20.1300, 81160, 0.1411E+12,8000,1145,  0.0009,  0.1275,  208.02,  0.3676,  0.3078,  0.5805,  0.0782,  0.0493,  -1,  0.4430, -0.6210
 111307143,1,   0, 35.1800, 54010, 0.1641E+12,8000,1715,  0.0007,  0.1256, 1122.15,  0.9671,  1.3415,  0.1881,  0.0638,  0.0618,   1,  0.2500,  0.3640
 111652697,1,   0, 18.4800, 57200, 0.9133E+11,8000,3378,  0.0002,  0.0268,  367.89,  0.4941,  0.4115,  0.3014,  0.0215,  0.0053,  -1, -0.5240,  0.8370
 112104788,1,   0,  100.48, 36800, 0.3194E+12,8000,4594,  0.0005,  0.3276,  798.04,  0.5451,  1.1233,  0.7554,  0.2503,  0.0773,   1,  1.4570,  1.4320
 112289432,1,   0, 55.0400, 83310, 0.3961E+12,8000,1597,  0.0018,  0.7710,  516.24,  0.4373,  0.0998,  0.6397,  0.4372,  0.3338,  -1, -1.0800,  1.1410
 112711592,1,   0,  9.9000, 85520, 0.7315E+11,8000,1787,  0.0003,  0.0242,  545.31,  0.7749,  0.7422,  0.1089,  0.0129,  0.0113,   1, -0.8790, -1.2280
 112928020,1,   0, 81.4200, 32860, 0.2312E+12,8000,3819,  0.0004,  0.1682,  278.31,  0.2988,  0.4331,  1.7553,  0.0868,  0.0813,  -1, -0.3830, -0.3060
 113181924,1,   0, 29.5400, 42740, 0.1091E+12,8000,6274,  0.0001,  0.0552,  633.71,  0.7560,  0.0763,  0.2797,  0.0363,  0.0189,  -1, -0.9010,  0.4860
 113336142,1,   0, 38.2000, 81050, 0.2675E+12,8000,  338.10,  0.0057,  1.3876,  566.59,  0.8381,  1.2692,  0.4045,  0.8604,  0.5272,   1, -0.7670,  1.2230
 114059865,1,   0, 28.0600, 92830, 0.2251E+12,8000,6214,  0.0003,  0.2292,  975.52,  0.7852,  1.4289,  0.1726,  0.1764,  0.0528,   1, -1.4340, -1.4870
 114187952,1,   0, 39.3500, 49290, 0.1676E+12,8000,3448,  0.0003,  0.0899, 1377.52,  0.9714,  0.7228,  0.1714,  0.0585,  0.0314,  -1,  0.3230, -0.9300
 115156164,1,   0,  288.45,100200, 0.2498E+13,8000,6667,  0.0027, 35.2631, 4458.21,  1.0439,  0.1864,  0.3882, 28.5351,  6.7279,  -1, -0.7530, -0.2850
 115438529,1,   0,  4.1400, 61690, 0.2205E+11,8000,4406,   0,  0.0015,  483.84,  0.9480,  0.2520,  0.0513,  0.0009,  0.0006,   1, -0.4650,  1.2570
 115896393,1,   0, 52.2500, 30360, 0.1371E+12,8000,3724,  0.0003,  0.0593,  181.07,  0.2673,  1.1806,  1.7314,  0.0488,  0.0105,  -1, -0.8280,  1.5000
 116025480,1,   0,  288.45,100200, 0.2498E+13,8000,6667,  0.0027, 35.2631, 4458.21,  1.0439,  0.1864,  0.3882, 28.5351,  6.7279,  -1, -0.7530, -0.2850
 116028001,1,   0, 58.7800, 29430, 0.1495E+12,8000,7424,  0.0001,  0.2626,  348.84,  0.6232,  0.4469,  1.0111,  0.1626,  0.1000,  -1,  1.2160,  0.5570
 116177190,1,   0,  556.26, 85530, 0.4111E+13,8000,4833,  0.0061, 55.4582, 9552.49,  1.2261,  0.8693,  0.3494, 33.2534, 22.2048,  -1, -0.4390, -0.6180
 116229194,1,   0,  173.44, 47970, 0.7188E+12,8000,6155,  0.0008,  2.2851, 3828.40,  1.3165,  0.9103,  0.2718,  1.6331,  0.6520,  -1,  0.5970, -0.7050
 116300787,1,   0, 14.7200, 16850, 0.2143E+11,8000,7398,   0,  0.0052,  122.74,  0.5854,  0.7546,  0.7194,  0.0029,  0.0023,  -1, -0.7090,  1.4100
 116740736,1,   0, 45.2700, 83820, 0.3279E+12,8000,2932,  0.0008,  0.3634, 2964.94,  1.3187,  0.5494,  0.0916,  0.2060,  0.1573,   1, -1.3540, -0.6530
 117085277,1,   0,  248.21, 92170, 0.1977E+13,8000,5461,  0.0026, 14.1525, 6833.71,  1.2937,  0.1199,  0.2179,  7.1376,  7.0149,  -1,  1.3760, -0.6110
 117202669,1,   0, 35.4600, 83170, 0.2548E+12,8000,6584,  0.0003,  0.3499,  284.99,  0.3515,  0.6386,  0.7467,  0.1787,  0.1712,   1,  1.2090,  0.2060
 117308849,1,   0,  667.85, 15570, 0.8985E+12,8000,3316,  0.0019,  2.6108, 3599.93,  1.0567,  1.5203,  1.1131,  1.8694,  0.7414,   1, -0.7910,  1.5580
 117481042,1,   0, 19.9000, 61190, 0.1052E+12,8000,7578,  0.0001,  0.1740,  210.41,  0.5510,  0.2078,  0.5676,  0.1315,  0.0425,   1,  0.4740, -0.8160
 117482045,1,   0, 37.4500, 55590, 0.1799E+12,8000,  232.50,  0.0055,  0.9001,  762.83,  1.3155,  1.0220,  0.2946,  0.7248,  0.1753,   1,  0.0640, -1.0960
 118809698,1,   0,  126.35, 62270, 0.6798E+12,8000,4844,  0.0010,  1.5187, 3061.58,  1.0465,  1.2393,  0.2476,  0.8355,  0.6832,   1,  1.0730, -0.4630
 119342904,1,   0, 18.6000, 51810, 0.8326E+11,8000,4777,  0.0001,  0.0226,  234.65,  0.3793,  0.0682,  0.4756,  0.0137,  0.0090,   1,  1.0190,  0.1730
 119819023,1,   0, 19.3900, 93750, 0.1570E+12,8000,  847.60,  0.0013,  0.2044,  162.29,  0.3276,  0.6650,  0.7168,  0.1153,  0.0890,  -1,  0.3830, -0.1250
 119823577,1,   0,  9.4200, 92820, 0.7558E+11,8000,3896,  0.0001,  0.0179,  376.15,  0.5299,  1.4596,  0.1503,  0.0095,  0.0084,   1,  0.4530,  0.9140
 120064831,1,   0,  6.2300, 72060, 0.3881E+11,8000,6401,   0,  0.0074,  173.50,  0.4584,  0.6981,  0.2156,  0.0052,  0.0021,  -1, -1.4320,  1.1930
 120101361,1,   0, 14.4900,103600, 0.1297E+12,8000,5420,  0.0002,  0.0604,  402.92,  0.4845,  1.4200,  0.2158,  0.0440,  0.0164,  -1,  0.3900, -1.5080
 120597899,1,   0,  719.19,104900, 0.6520E+13,8000,3206,  0.0145,  138.92, 5919.42,  0.7631,  0.0007,  0.7290, 71.9072, 67.0095,  -1,  0.5780, -1.3950
 120930044,1,   0,  381.29,104700, 0.3448E+13,8000,4232,  0.0058, 37.4569, 1205.10,  0.3226,  0.3000,  1.8984, 25.8949, 11.5620,   1,  1.5070, -0.0920
 121086387,1,   0, 36.8800, 92800, 0.2957E+12,8000,2691,  0.0008,  0.3074, 1536.77,  0.8923,  0.9867,  0.1440,  0.2328,  0.0746,   1, -0.2940, -0.8610
 121163983,1,   0, 14.7400, 79080, 0.1007E+12,8000,7918,  0.0001,  0.7820,  344.67,  1.3199,  0.5797,  0.2566,  0.5859,  0.1962,   1,  0.9990,  0.4590
 121548029,1,   0, 51.0200, 89370, 0.3940E+12,8000,6803,  0.0004,  0.9571, 2212.16,  1.2468,  1.5945,  0.1384,  0.5126,  0.4446,  -1,  1.4660, -0.0080
 121843577,1,   0, 52.5000, 69460, 0.3151E+12,8000,1621,  0.0014,  0.4822,  568.00,  0.5011,  0.8291,  0.5546,  0.2416,  0.2407,   1, -0.6080,  1.2500
 122276270,1,   0, 16.7900, 85670, 0.1243E+12,8000,4556,  0.0002,  0.0494, 1662.23,  1.2167,  1.1988,  0.0606,  0.0279,  0.0215,   1,  0.4980,  0.3740
 122376935,1,   0, 14.9800, 97940, 0.1268E+12,8000,2581,  0.0004,  0.0577, 1818.30,  1.3332,  1.1738,  0.0494,  0.0320,  0.0257,  -1, -0.1360,  1.3610
 122533144,1,   0,  7.2500, 76940, 0.4821E+11,8000,5365,  0.0001,  0.0083, 1210.92,  1.3983,  1.1789,  0.0359,  0.0042,  0.0040,  -1, -1.2650,  0.9750
 122671998,1,   0, 29.6000, 93370, 0.2388E+12,8000,6303,  0.0003,  0.2679,  359.33,  0.4005,  1.5007,  0.4943,  0.1990,  0.0689,  -1, -1.3750, -0.4300
 122800043,1,   0, 30.3400, 15690, 0.4111E+11,8000,  524.40,  0.0006,  0.0217,  100.84,  0.4312,  0.1122,  1.8050,  0.0120,  0.0097,   1, -1.1360, -0.0860
 123012673,1,   0, 35.1800, 54010, 0.1641E+12,8000,1715,  0.0007,  0.1256, 1122.15,  0.9671,  1.3415,  0.1881,  0.0638,  0.0618,   1,  0.2500,  0.3640
 123286347,1,   0, 70.0300, 53250, 0.3222E+12,8000,7786,  0.0003,  3.1309,  101.02,  0.2891,  1.2332,  4.1592,  1.6375,  1.4934,  -1,  0.0540, -1.1360
 123403895,1,   0, 20.4400, 29670, 0.5239E+11,8000,7067,  0.0001,  0.0209,  329.56,  0.7365,  0.4909,  0.3721,  0.0157,  0.0052,   1,  1.4970, -1.5270
 123961964,1,   0,  9.2100, 43680, 0.3477E+11,8000,4366,  0.0001,  0.0038, 1099.31,  1.4067,  0.1986,  0.0503,  0.0022,  0.0016,  -1, -0.7830,  0.2510
 124303274,1,   0, 50.2400, 66340, 0.2880E+12,8000,3798,  0.0005,  0.2610, 1797.56,  0.9632,  1.4579,  0.1677,  0.2147,  0.0463,   1,  1.4240,  0.6350
 124748956,1,   0, 18.6000, 51810, 0.8326E+11,8000,4777,  0.0001,  0.0226,  234.65,  0.3793,  0.0682,  0.4756,  0.0137,  0.0090,   1,  1.0190,  0.1730
 124800165,1,   0, 61.5200, 25020, 0.1330E+12,8000,6483,  0.0001,  0.0903,  761.85,  0.8261,  0.9820,  0.4845,  0.0624,  0.0279,  -1, -0.0510, -0.9840
 124949523,1,   0, 10.6500, 75310, 0.6931E+11,8000,5000,  0.0001,  0.0161,  714.27,  0.8544,  0.2516,  0.0895,  0.0086,  0.0075,   1, -0.3600,  1.2840
 125492021,1,   0, 36.8800, 92800, 0.2957E+12,8000,2691,  0.0008,  0.3074, 1536.77,  0.8923,  0.9867,  0.1440,  0.2328,  0.0746,   1, -0.2940, -0.8610
 125855531,1,   0,  1.7700, 68020, 0.1043E+11,8000,7449,   0,  0.0013,  156.03,  0.8974,  0.9697,  0.0682,  0.0008,  0.0006,   1, -0.3070, -0.2270
 126161039,1,   0, 39.3500, 49290, 0.1676E+12,8000,3448,  0.0003,  0.0899, 1377.52,  0.9714,  0.7228,  0.1714,  0.0585,  0.0314,  -1,  0.3230, -0.9300
 126544605,1,   0, 23.6000, 92410, 0.1885E+12,8000,6845,  0.0002,  0.2257,1591,  1.2925,  0.8480,  0.0890,  0.1150,  0.1107,  -1, -1.3600,  0.4950
 126609853,1,   0, 39.3500, 49290, 0.1676E+12,8000,3448,  0.0003,  0.0899, 1377.52,  0.9714,  0.7228,  0.1714,  0.0585,  0.0314,  -1,  0.3230, -0.9300
 126818272,1,   0, 16.6800,104200, 0.1502E+12,8000,6270,  0.0002,  0.1045,  399.73,  0.4995,  0.1262,  0.2504,  0.0790,  0.0255,   1,  0.1490,  0.5820
 126999478,1,   0,  637.96, 31400, 0.1731E+13,8000,5343,  0.0023, 10.6012,  780.99,  0.3160,  1.9476,  4.9012,  7.0401,  3.5610,  -1,  1.1460, -0.7490
 127031409,1,   0,  556.26, 85530, 0.4111E+13,8000,4833,  0.0061, 55.4582, 9552.49,  1.2261,  0.8693,  0.3494, 33.2534, 22.2048,  -1, -0.4390, -0.6180
 127660942,1,   0,  771.02, 91040, 0.6065E+13,8000,3973,  0.0109,  115.48, 7261.32,  0.8839,  0.0080,  0.6371, 90.4744, 25.0033,  -1,  0.6100, -0.7970
 127705905,1,   0, 19.1800, 93510, 0.1549E+12,8000,6171,  0.0002,  0.1068, 1084.31,  0.9489,  0.0369,  0.1061,  0.0611,  0.0457,   1, -0.2840,  1.0010
 127846160,1,   0, 23.6000, 92410, 0.1885E+12,8000,6845,  0.0002,  0.2257,1591,  1.2925,  0.8480,  0.0890,  0.1150,  0.1107,  -1, -1.3600,  0.4950
 128151879,1,   0, 76.8100, 56200, 0.3729E+12,8000,6103,  0.0004,  0.6034, 1604.88,  0.9118,  0.7172,  0.2872,  0.4592,  0.1441,  -1, -0.0400, -0.0270
 128705246,1,   0, 22.4100, 18540, 0.3588E+11,8000,5200,   0,  0.0044,  326.27,  0.6374,  0.3873,  0.4120,  0.0031,  0.0013,  -1, -0.3900, -1.4530
 129057336,1,   0, 37.4500, 55590, 0.1799E+12,8000,  232.50,  0.0055,  0.9001,  762.83,  1.3155,  1.0220,  0.2946,  0.7248,  0.1753,   1,  0.0640, -1.0960
 129093121,1,   0,  110.08, 61170, 0.5818E+12,8000,3277,  0.0013,  1.0984,  397.79,  0.2816,  0.2436,  1.6603,  0.7365,  0.3619,  -1, -0.4740,  0.4840
 129177841,1,   0,  7.4400, 86810, 0.5581E+11,8000,3579,  0.0001,  0.0099,  297.63,  0.5033,  0.0124,  0.1500,  0.0066,  0.0033,  -1,  0.8500, -0.4390
 129275550,1,   0, 41.3600, 61720, 0.2206E+12,8000,  897.60,  0.0018,  0.3833,  164.80,  0.2906,  1.4133,  1.5057,  0.2399,  0.1434,  -1, -1.1010,  1.0660
 129899293,1,   0,  681.35, 67110, 0.3951E+13,8000,7671,  0.0037,  310.56, 1844.35,  0.7567,  1.5043,  2.2166,  176.22,  134.33,   1,  0.0640,  0.4390
 130006503,1,   0, 68.5200, 68750, 0.4070E+12,8000,1861,  0.0016,  0.7286, 1337.61,  0.7879,  0.2588,  0.3074,  0.4336,  0.2950,  -1, -1.4260, -0.8080
 130200786,1,   0, 88.0900, 15840, 0.1205E+12,8000,4942,  0.0002,  0.0483, 2188.97,  1.4952,  0.2948,  0.2415,  0.0299,  0.0184,  -1,  0.7440,  0.6660
 130410538,1,   0,  9.4200, 92820, 0.7558E+11,8000,3896,  0.0001,  0.0179,  376.15,  0.5299,  1.4596,  0.1503,  0.0095,  0.0084,   1,  0.4530,  0.9140
 130474644,1,   0, 19.0800, 60170, 0.9922E+11,8000,5491,  0.0001,  0.0359,  765.06,  0.8164,  0.2144,  0.1497,  0.0226,  0.0133,   1, -0.5420,  0.0540
 130496694,1,   0, 54.8600, 89650, 0.4250E+12,8000,2149,  0.0014,  0.7216, 2729.85,  1.2102,  0.5885,  0.1206,  0.4255,  0.2961,  -1, -1.4100,  1.0880
