object_id,submodel,sim_av,TEFF,LOGG,GAIA_DIST,DIST,T0,U0,TE
     18556,1,   0,5951,  4.2527, 2305.21,14544.89,61770.06,  0.5200, 43.0303
     45395,1,   0, 5661.34,  4.5225, 1175.78, 7418.66,59116.96,  0.7215, 77.9219
     81319,1,   0,4871,  4.5485,  656.25, 4140.68,61047.24,  0.3127, 93.6094
     83348,1,   0, 6345.50,  4.3985,  270.44, 1706.35,61764.97,  0.3637,  5.0235
    198103,1,   0,5033,  4.5477,  367.65, 2319.70,62296.85,  0.2444, 33.3289
    201890,1,   0, 5529.03,  4.4160, 1276.81, 8056.15,58692.70,  0.4321, 24.9148
    298226,1,   0, 5784.33,  4.5409, 2063.56,13020.17,60083.54,  0.2195, 18.1044
    331894,1,   0, 4320.70,  4.4478,  984.06, 6208.99,59462.88,  0.2390, 29.9928
   1124140,1,   0, 4895.50,  4.1308, 2256.32,14236.40,58722.36,  0.6807, 39.9188
   1235458,1,   0,5367,  4.2353, 2126.75,13418.91,58610.61,  0.3063, 24.1599
   1497514,1,   0, 4907.84,  4.3525, 1366.31, 8620.81,60818.93,  0.8326,  5.8182
   1727271,1,   0,5325,  4.5446, 1344.45, 8482.89,58958.70,  0.4554,  109.76
   1854631,1,   0,4591,  3.7219, 2554.28,16116.41,61311.29,  0.2845, 22.9451
   1916149,1,   0,5525,  3.8918, 1351.35, 8526.45,61788.17,  0.3542, 34.5647
   2335825,1,   0,3858,  4.5758,  250.39, 1579.88,60220.05,  0.0793, 13.6085
   2809065,1,   0, 7124.84,  4.1615, 2269.63,14320.41,58667.54,  0.6496, 40.1628
   3006803,1,   0, 5807.33,  4.1235, 1503.99, 9489.51,61480.56,  0.9580,  185.63
   3041728,1,   0,4319,  4.6101,  724.90, 4573.81,62119.42,  0.6452, 44.4265
   3202844,1,   0,3901,  4.2824,  570.16, 3597.45,58611.36,  0.8057, 39.8631
   3710243,1,   0, 4884.41,  2.8437, 2318.03,14625.81,62075.65,  0.9245,  104.91
   3749492,1,   0, 5829.33,  4.3394,  843.81, 5324.09,58798.95,  0.6517, 67.0052
   3909248,1,   0,6383,  4.2413, 1602.56,10111.50,60724.89,  0.8181, 18.1056
   4153111,1,   0, 5338.50,  4.3188,  814.40, 5138.51,61380.47,  0.9701, 73.3536
   4653181,1,   0,4308,  4.5233,  706.71, 4459.06,59211.29,  0.4106, 28.4651
   4730152,1,   0,5741,  4.1754, 1942.88,12258.74,60075.05,  0.0090, 33.5907
   4891486,1,   0, 5136.47,  4.6021,  145.24,  916.41,61930.11,  0.2709, 52.6572
   5103151,1,   0, 5363.50,  4.0481, 3242.54,20459.06,61597.07,  0.1860,  149.36
   5112599,1,   0, 4975.17,  4.5527, 1061.68, 6698.77,62103.52,  0.1657, 74.4802
   5320292,1,   0, 4825.23,  4.2675, 1017.09, 6417.39,59760.94,  0.3173, 26.7852
   5476260,1,   0, 5760.88,  4.0626, 1671.40,10545.84,59795.13,  0.3889,  5.5310
   5571378,1,   0,4955,  4.4566,  399.89, 2523.12,61891.61,  0.0694, 13.0685
   5643728,1,   0,4844,  4.5918,  924.56, 5833.56,59712.98,  0.2177, 93.4267
   5972700,1,   0,5327,  4.4172, 1813.24,11440.75,58926.78,  0.4581,  6.3837
   6127923,1,   0,4446,  4.2101,  613.69, 3872.09,58626.98,  0.7609, 99.8726
   6450656,1,   0,4807,  4.5428,  858.15, 5414.55,62062.68,  0.9723,  247.53
   6587239,1,   0, 5513.47,  4.1124,  456.60, 2880.95,61678.84,  0.1798, 65.1249
   6855983,1,   0,4881,  4.1514, 1476.89, 9318.53,59342.93,  0.5126,  7.2796
   7041701,1,   0, 5005.40,  4.2975, 1817.19,11465.70,59561.05,  0.0688, 59.5414
   7071848,1,   0, 5652.75,  4.3038,  515.38, 3251.85,60522.04,  0.9715, 48.0523
   7162954,1,   0,4282,  4.5199,  390.58, 2464.39,59400.45,  0.0369, 75.7609
   7502916,1,   0, 5343.55,  4.6290,  590.21, 3724.00,59880.65,  0.5106, 24.5243
   7554947,1,   0,5100,  4.3072,  541.57, 3417.04,58931.62,  0.2577, 17.0269
   7731052,1,   0, 4390.67,  4.0592, 1963.86,12391.15,61484.24,  0.3381, 11.2097
   7958351,1,   0, 5363.67,  4.4949,  569.25, 3591.72,60736.55,  0.1998, 13.2897
   8204737,1,   0,4915,  4.0552,  785.67, 4957.24,61166.59,  0.0470, 14.8798
   8383041,1,   0, 7124.84,  4.1615, 2269.63,14320.41,58667.54,  0.6496, 40.1628
   8518178,1,   0,5338,  4.4498,  893.66, 5638.58,61500.06,  0.0305,  164.21
   9012516,1,   0, 4705.35,  4.6551,  682.87, 4308.64,58711.61,  0.2621, 49.3769
   9229043,1,   0,5763,  3.8972, 3084.52,19461.98,61580.48,  0.7957, 70.7456
   9409426,1,   0, 3548.67,  4.3730,  408.08, 2574.81,62143.40,  0.0332, 77.3998
   9455940,1,   0, 6037.95,  4.4730, 1115.70, 7039.58,60606.55,  0.2491, 15.0217
   9683805,1,   0, 5801.95,  4.4540,  923.02, 5823.86,59778.55,  0.7485, 58.9195
   9919263,1,   0,4764,  4.3818, 1655.90,10448.04,59696.04,  0.6139, 17.2810
   9934287,1,   0,5329,  4.2405, 1735.51,10950.32,62221.93,  0.7750,  9.7106
  10058254,1,   0, 4610.07,  4.5389, 1129.18, 7124.63,60603.42,  0.4123, 20.3218
  10328940,1,   0, 4875.80,  4.5754,  656.81, 4144.22,60975.86,  0.6593,  147.71
  10343540,1,   0,5428,  4.3265,  959.32, 6052.93,58579.64,  0.9677, 17.7874
  10376465,1,   0, 5378.25,  3.9365,  464.73, 2932.23,60712.13,  0.5840, 34.9357
  10540816,1,   0, 4403.17,  3.6243, 1559.82, 9841.79,59283.02,  0.1706, 56.7520
  10582592,1,   0, 5136.47,  4.6021,  145.24,  916.41,61930.11,  0.2709, 52.6572
  10735025,1,   0, 3809.67,  4.6019,  448.89, 2832.33,58752.00,  0.4307, 48.3142
  11179401,1,   0, 6591.57,  4.4399, 2268.60,14313.91,60069.35,  0.3469, 50.2501
  11754790,1,   0, 4853.55,  4.5309,  198.63, 1253.29,58723.29,  0.5441,  267.32
  11947559,1,   0, 4034.16,  4.5290,  362.00, 2284.09,60002.41,  0.7697, 70.0106
  12000702,1,   0,4328,  4.5647,  393.65, 2483.79,62165.96,  0.6823, 39.0414
  12022536,1,   0, 5407.50,  4.4371, 1932.74,12194.77,58882.20,  0.1875,  155.71
  12123970,1,   0, 4959.69,  4.0269,  209.85, 1324.04,61106.98,  0.3338, 11.8489
  12425034,1,   0,5384,  4.2852, 2161.69,13639.37,59173.20,  0.6735, 24.8000
  12429606,1,   0, 5363.67,  4.4949,  569.25, 3591.72,60736.55,  0.1998, 13.2897
  12646126,1,   0,4948,  4.3868,  949.22, 5989.15,59042.82,  0.7878,  107.31
  12727670,1,   0,5968,  4.3208,  392.91, 2479.11,61631.94,  0.3612, 26.5246
  12907476,1,   0, 4315.67,  4.5225,  688.23, 4342.45,58956.68,  0.4613, 39.6725
  13039782,1,   0, 5343.55,  4.6290,  590.21, 3724.00,59880.65,  0.5106, 24.5243
  13043842,1,   0, 5824.57,  4.1555,  232.32, 1465.84,61244.32,  0.4703, 21.9352
  13079748,1,   0,5770,  4.0625, 1742.77,10996.12,62146.20,  0.5308, 46.0552
  13189990,1,   0, 5825.25,  4.2566, 1196.60, 7550.05,58874.14,  0.4248, 84.1500
  13332707,1,   0, 4857.50,  4.4109,  466.11, 2940.98,60223.71,  0.5183,  5.6151
  13828928,1,   0,5100,  4.3641,  278.23, 1755.54,62207.71,  0.3125, 68.2392
  14548434,1,   0, 4978.08,  4.5414,  584.49, 3687.87,59951.98,  0.0174, 25.4688
  14959735,1,   0,4973,  3.7663, 3003.00,18947.67,61909.55,  0.3159, 42.2834
  15092341,1,   0, 5159.67,  3.2865, 2287.28,14431.78,59473.57,  0.5252, 19.6019
  15103851,1,   0, 5652.75,  4.3038,  515.38, 3251.85,60522.04,  0.9715, 48.0523
  15306986,1,   0, 5407.50,  4.4371, 1932.74,12194.77,58882.20,  0.1875,  155.71
  15358566,1,   0, 4267.33,  3.7075, 2420.14,15270.02,62334.46,  0.2603, 15.9240
  15451129,1,   0,4957,  4.6796,  535.19, 3376.81,60919.50,  0.3744, 25.5257
  15516641,1,   0, 4682.50,  4.5548,  782.96, 4940.16,61563.07,  0.1932, 34.9154
  15797803,1,   0,4256,  3.6374, 2228.16,14058.76,58862.91,  0.4412, 16.3504
  16490586,1,   0, 4424.50,  4.4614,  797.89, 5034.37,61028.59,  0.0799, 12.0302
  16868751,1,   0, 7070.67,  4.3393, 1901.14,11995.39,58894.14,  0.5490, 31.3527
  17008250,1,   0, 5167.19,  4.3660,  431.16, 2720.46,62423.28,  0.0558, 38.2046
  17172771,1,   0, 4913.91,  4.5778, 1161.84, 7330.75,60497.38,  0.9862, 29.8736
  17178253,1,   0,6383,  4.2413, 1602.56,10111.50,60724.89,  0.8181, 18.1056
  17371398,1,   0, 5117.64,  3.7953,  913.16, 5761.64,62252.37,  0.7213, 17.8488
  17516967,1,   0,5411,  4.1924,  590.39, 3725.10,59016.07,  0.9034, 54.9728
  17746576,1,   0,5001,  4.4128,  340.90, 2150.94,58837.16,  0.0919, 55.8737
  17776430,1,   0, 5326.33,  4.4244, 1031.89, 6510.76,58641.62,  0.8350, 59.1513
  17812204,1,   0, 4950.75,  4.5731,  705.82, 4453.40,59382.82,  0.0678, 30.8394
  18021509,1,   0, 4901.97,  4.4714,  474.45, 2993.58,61984.29,  0.5395, 34.2477
  18086383,1,   0,5794,  4.3810,  411.78, 2598.14,60515.97,  0.1222, 19.1658
  18225361,1,   0, 4400.02,  4.1998, 1141.81, 7204.35,60322.41,  0.4610, 29.1605
  18396718,1,   0, 5346.50,  3.8489,  876.81, 5532.29,59206.63,  0.6344, 42.3683
  18398425,1,   0, 5444.28,  4.6041,  364.34, 2298.82,59731.60,  0.2388, 56.4042
  18585986,1,   0, 5441.38,  3.9483, 1153.00, 7274.96,61742.88,  0.6893,  5.5231
  18598339,1,   0, 5305.50,  4.2138, 2211.41,13953.06,59974.75,  0.7405,  8.8770
  19025246,1,   0,6943,  4.2742, 1389.66, 8768.17,59695.01,  0.1448, 19.8778
  19065476,1,   0,4872,  3.9422,  787.65, 4969.73,58732.02,  0.2693,  328.29
  19078886,1,   0, 6272.67,  4.2406,  246.08, 1552.63,59516.51,  0.7818, 23.2157
  19531329,1,   0, 4966.05,  3.8580, 2220.74,14011.93,60097.64,  0.5547, 31.1323
  19543898,1,   0, 7064.83,  4.3438,  543.92, 3431.91,59867.16,  0.6184, 22.9486
  19591609,1,   0, 5220.07,  4.6099,  959.32, 6052.93,60068.78,  0.5075, 13.6272
  19768090,1,   0, 5337.47,  4.2763, 1194.32, 7535.62,58625.05,  0.0218, 11.0003
  19865828,1,   0,5795,  4.2443, 2541.94,16038.57,61617.39,  0.8670, 45.4348
  19938809,1,   0, 4838.71,  4.0439, 1317.87, 8315.20,60840.76,  0.2390,  6.8219
  20084850,1,   0, 6057.54,  4.4091, 1506.70, 9506.67,62170.00,  0.3021, 63.8442
  20397355,1,   0,4475,  4.2095,  952.83, 6011.98,59746.38,  0.9029, 45.1127
  20561514,1,   0,5283,  3.8136, 1288.16, 8127.75,62159.34,  0.9569, 13.7182
  20630488,1,   0, 5044.10,  4.0243, 1300.73, 8207.04,59928.41,  0.0434,  114.50
  20725907,1,   0,4931,  3.8539, 1232.89, 7779.03,62243.53,  0.8222, 44.3260
  20883552,1,   0, 5346.50,  3.8489,  876.81, 5532.29,59206.63,  0.6344, 42.3683
  20968573,1,   0, 5069.33,  4.7228,  668.23, 4216.22,59752.30,  0.8526, 44.3014
  21179419,1,   0,5384,  4.6088, 1266.62, 7991.86,59088.95,  0.0135, 30.3516
  21251202,1,   0, 5523.75,  4.1648,  296.51, 1870.83,59039.87,  0.0718, 24.7017
  21272420,1,   0,5100,  4.3072,  541.57, 3417.04,58931.62,  0.2577, 17.0269
  21338813,1,   0, 5167.19,  4.3660,  431.16, 2720.46,62423.28,  0.0558, 38.2046
  21490829,1,   0, 5125.23,  4.0752, 1982.95,12511.55,61566.56,  0.9121, 60.1125
  21711928,1,   0, 5077.99,  4.4839, 1289.16, 8134.04,62168.10,  0.5037, 14.6011
  21712504,1,   0, 5362.50,  4.2349, 1778.41,11221.01,59739.75,  0.8820, 90.4585
  22841919,1,   0, 5070.66,  4.5943,  580.11, 3660.27,61803.82,  0.9281, 37.8403
  22911300,1,   0, 4991.67,  4.5872,  390.06, 2461.12,60111.70,  0.8914, 37.1911
  22956906,1,   0,6383,  4.2413, 1602.56,10111.50,60724.89,  0.8181, 18.1056
  23761020,1,   0,5388,  4.1726, 2279.46,14382.43,62093.09,  0.4816, 18.1997
  23818619,1,   0,5427,  4.5013,  728.81, 4598.48,61515.96,  0.6848,  4.5667
  24138558,1,   0, 5017.69,  4.2010,  824.88, 5204.63,62418.98,  0.2745,  115.66
  24345651,1,   0,5915,  4.3975,  899.44, 5675.10,60759.49,  0.2227,  240.43
  24531840,1,   0, 6426.90,  4.0197, 1523.00, 9609.46,59151.31,  0.7797, 25.6920
  24599071,1,   0, 5181.11,  4.2311,  971.72, 6131.16,60933.47,  0.3590, 70.9372
  25214974,1,   0, 5783.33,  4.1678, 1280.41, 8078.84,58844.93,  0.7925, 33.5325
  25369902,1,   0,5367,  4.1262, 1821.49,11492.85,61979.73,  0.8946,  115.12
  25422655,1,   0, 5385.25,  4.3069, 1248.60, 7878.10,62066.54,  0.5791, 71.4698
  25523624,1,   0,4869,  4.1498, 1457.94, 9198.97,62457.73,  0.2111, 28.3440
  25817494,1,   0, 6328.75,  4.3155,  810.18, 5111.86,61150.21,  0.2785,  6.6391
  26158429,1,   0, 5451.57,  4.4744, 1052.19, 6638.86,61103.96,  0.2702,  8.6981
  26294227,1,   0, 5829.33,  4.3394,  843.81, 5324.09,58798.95,  0.6517, 67.0052
  26515585,1,   0, 6239.23,  4.4108, 1052.63, 6641.66,60455.11,  0.2482, 13.5795
  26526506,1,   0,4267,  4.5969,  382.63, 2414.22,59726.21,  0.1405, 48.9311
  26703135,1,   0, 4287.25,  4.4945,  882.77, 5569.89,61917.23,  0.3533, 69.1127
  26745404,1,   0,5097,  4.3171,  955.66, 6029.79,60619.98,  0.7921,  5.1662
  26878562,1,   0, 4978.08,  4.5414,  584.49, 3687.87,59951.98,  0.0174, 25.4688
  27105555,1,   0, 5407.50,  4.4371, 1932.74,12194.77,58882.20,  0.1875,  155.71
  27168693,1,   0, 4026.25,  4.1505,  754.49, 4760.50,59517.11,  0.1531, 18.7532
  27239244,1,   0,4480,  2.8247, 5042.86,31818.32,61291.08,  0.6293, 16.7552
  27340034,1,   0, 4899.43,  4.4225, 1168.63, 7373.58,59463.94,  0.7327,  6.0939
  27829520,1,   0, 4894.59,  4.5879,  692.38, 4368.60,61557.49,  0.4518, 22.2967
  27942820,1,   0,5779,  4.4314,  913.08, 5761.12,60319.02,  0.4807, 70.7817
  28112751,1,   0, 3705.79,  4.5748,  360.72, 2276.02,61300.14,  0.1268, 11.7767
  28267572,1,   0,5001,  4.4128,  340.90, 2150.94,58837.16,  0.0919, 55.8737
  28334351,1,   0, 4682.50,  4.5548,  782.96, 4940.16,61563.07,  0.1932, 34.9154
  28436325,1,   0,5357,  4.0266, 2699.78,17034.49,59935.06,  0.7959, 66.1592
  28472023,1,   0,5770,  4.0625, 1742.77,10996.12,62146.20,  0.5308, 46.0552
  28786343,1,   0,5384,  4.2852, 2161.69,13639.37,59173.20,  0.6735, 24.8000
  28858073,1,   0,5811,  4.2833, 2083.77,13147.68,60747.16,  0.0503, 36.6633
  28897226,1,   0, 3936.70,  4.3432,  830.91, 5242.69,61928.16,  0.4461,  104.15
  29052093,1,   0, 4979.32,  3.8376, 1855.63,11708.25,59440.99,  0.3907, 17.9825
  29240878,1,   0, 4471.97,  3.6817,  857.85, 5412.69,61248.56,  0.9556, 93.1661
  29278327,1,   0, 6131.50,  4.3443,  950.39, 5996.55,61361.82,  0.2392, 33.2185
  29491927,1,   0, 5139.52,  4.4661, 1576.29, 9945.73,61641.71,  0.2988,  9.7489
  29610699,1,   0,4935,  4.2692, 2224.20,14033.75,61480.93,  0.2200,  375.64
  29819778,1,   0, 4903.75,  4.6046, 1005.83, 6346.38,58718.08,  0.3567, 74.1799
  29858636,1,   0, 5383.67,  4.4353, 1375.71, 8680.11,59919.84,  0.0080,  7.6016
  29871989,1,   0, 4666.26,  4.5981,  808.93, 5104.01,59440.96,  0.0465, 74.8481
  30170948,1,   0, 4958.97,  3.8654, 1297.02, 8183.62,60618.96,  0.6759, 23.6755
  30504329,1,   0, 4374.54,  4.3119, 1029.55, 6496.01,61861.34,  0.0229,  7.1270
  30606045,1,   0, 5388.67,  4.4346, 1671.96,10549.36,58721.79,  0.8899, 96.1562
  31136398,1,   0,3942,  4.3004,  548.46, 3460.52,59736.59,  0.3867, 23.1266
  31195806,1,   0,5738,  4.2961,  460.79, 2907.37,60597.70,  0.7623, 30.5149
  31222241,1,   0, 3811.05,  2.9811, 2579.31,16274.37,61638.64,  0.2016, 25.5523
  31443176,1,   0, 4830.14,  4.5896,  563.54, 3555.69,61847.31,  0.1385,  5.9434
  31509929,1,   0, 4406.24,  4.5064,  803.34, 5068.74,60687.75,  0.0205, 45.8523
  31607565,1,   0,5024,  4.5917,  651.13, 4108.33,60090.85,  0.6734,  2.9789
  31701003,1,   0,4771,  4.7364,  919.46, 5801.37,58774.32,  0.3056, 12.6813
  32061910,1,   0, 7124.84,  4.1615, 2269.63,14320.41,58667.54,  0.6496, 40.1628
  32093906,1,   0,5322,  4.0726, 2482.01,15660.40,60641.15,  0.9146, 12.4243
  32223957,1,   0,4497,  4.6093,  529.21, 3339.11,58873.64,  0.8714, 30.8215
  32510838,1,   0,5763,  3.8972, 3084.52,19461.98,61580.48,  0.7957, 70.7456
  32859570,1,   0, 4379.35,  3.5488, 1924.93,12145.47,60368.76,  0.0466, 42.6139
  32874156,1,   0, 5179.23,  4.0963, 1512.17, 9541.17,61025.07,  0.0280, 23.0483
  32938287,1,   0, 3734.33,  4.5009,  557.91, 3520.18,60442.91,  0.5157, 43.9896
  33235046,1,   0,5335,  4.1690,  986.39, 6223.69,60590.36,  0.6445, 15.4657
  33361450,1,   0, 3938.93,  4.4694,  136.82,  863.25,61453.05,  0.6509, 23.6827
  33610288,1,   0, 4402.50,  4.4332, 1074.81, 6781.57,61656.05,  0.0381,  261.84
  33843890,1,   0, 4973.67,  4.7254,  272.37, 1718.53,60370.75,  0.8563, 26.2584
  34073527,1,   0, 5380.50,  4.4215, 1401.93, 8845.61,62291.01,  0.6058, 14.4990
  34220173,1,   0, 4958.97,  3.8654, 1297.02, 8183.62,60618.96,  0.6759, 23.6755
  34391061,1,   0,5322,  4.0726, 2482.01,15660.40,60641.15,  0.9146, 12.4243
  34444913,1,   0, 5117.39,  3.9181, 2097.76,13235.94,58994.44,  0.6100, 62.2139
  34615580,1,   0, 4947.50,  3.1525, 3585.51,22623.07,62391.07,  0.5966, 13.4491
  34632610,1,   0, 3932.11,  3.9993, 1494.54, 9429.94,62464.10,  0.4515, 33.0522
  34975828,1,   0, 4965.50,  4.6590,  474.54, 2994.15,59164.43,  0.4548, 45.0378
  35139894,1,   0, 4986.67,  4.6423,  920.47, 5807.78,61717.53,  0.0484,  5.9668
  35922081,1,   0, 5736.45,  4.1548, 2663.83,16807.60,59842.16,  0.8101, 26.2963
  36114214,1,   0,3933,  4.0851, 1074.00, 6776.47,61357.21,  0.4760, 48.9650
  36249000,1,   0, 4875.80,  4.5754,  656.81, 4144.22,60975.86,  0.6593,  147.71
  36376201,1,   0, 5467.42,  4.3928,  964.69, 6086.80,60402.42,  0.8234, 33.6726
  36497396,1,   0, 4804.20,  2.9775, 2688.89,16965.78,62373.17,  0.5569, 40.2853
  36551205,1,   0, 4643.04,  2.7307, 1399.97, 8833.23,60811.18,  0.2195,  296.58
  36689698,1,   0,4872,  3.9422,  787.65, 4969.73,58732.02,  0.2693,  328.29
  36872291,1,   0, 4928.92,  4.4919,  706.31, 4456.54,59308.91,  0.6418,  5.1132
  37227230,1,   0, 4672.50,  4.6210,  881.60, 5562.53,61969.43,  0.6774,  2.9984
  37890300,1,   0,4267,  4.5969,  382.63, 2414.22,59726.21,  0.1405, 48.9311
  37914211,1,   0, 4032.31,  4.5181,  280.09, 1767.24,59780.16,  0.2864, 12.7833
  37960943,1,   0, 5017.69,  4.2010,  824.88, 5204.63,62418.98,  0.2745,  115.66
  38014758,1,   0, 3968.62,  4.6238,  198.13, 1250.09,59721.07,  0.0647, 20.5446
  38021767,1,   0, 4631.17,  3.6013, 1151.54, 7265.75,62411.22,  0.5848, 11.9828
  38386912,1,   0, 4207.64,  3.9346, 1147.32, 7239.07,60925.06,  0.9526, 30.2678
  38560156,1,   0, 5380.50,  4.4215, 1401.93, 8845.61,62291.01,  0.6058, 14.4990
  38709861,1,   0,5052,  4.1912, 2073.40,13082.26,59793.88,  0.8229, 34.0714
  38726524,1,   0, 5407.50,  4.4371, 1932.74,12194.77,58882.20,  0.1875,  155.71
  38785688,1,   0, 6131.50,  4.3443,  950.39, 5996.55,61361.82,  0.2392, 33.2185
  39033049,1,   0, 5139.52,  4.4661, 1576.29, 9945.73,61641.71,  0.2988,  9.7489
  39110903,1,   0,5867,  4.2065, 2531.00,15969.56,59729.95,  0.9319, 37.0268
  39233485,1,   0, 5824.99,  4.4817,  766.28, 4834.92,61891.79,  0.8456, 39.7803
  39236788,1,   0,4934,  4.4755,  586.99, 3703.67,62424.13,  0.0222, 21.9903
  39803117,1,   0,4299,  4.4960,  810.44, 5113.52,61097.90,  0.5306, 23.8110
  40111247,1,   0,4981,  4.4805,  374.03, 2359.95,61932.23,  0.7610, 51.1171
  40165348,1,   0, 5024.72,  4.7404, 1061.12, 6695.22,59948.49,  0.2348, 18.1233
  40323010,1,   0,5769,  4.3240, 1974.72,12459.66,61578.40,  0.9083, 77.0050
  40834626,1,   0, 4047.43,  4.5890,  413.53, 2609.20,60368.67,  0.3826, 32.6827
  40983855,1,   0, 4701.66,  4.5328,  841.11, 5307.07,60083.02,  0.4699, 30.1309
  41284720,1,   0, 5199.39,  4.4062, 1690.62,10667.07,61654.60,  0.8178,  4.9644
  41324310,1,   0, 4395.74,  4.6863,  784.87, 4952.18,60828.34,  0.4673, 35.9646
  41476268,1,   0, 4940.07,  4.4608, 1752.54,11057.79,59559.39,  0.9940, 56.0446
  42004412,1,   0, 4976.06,  4.4578, 1818.51,11474.04,59269.61,  0.4259, 69.7706
  42037676,1,   0, 4894.59,  4.5879,  692.38, 4368.60,61557.49,  0.4518, 22.2967
  42114001,1,   0, 4643.04,  2.7307, 1399.97, 8833.23,60811.18,  0.2195,  296.58
  42177552,1,   0, 4889.50,  4.2276, 1110.86, 7009.08,61203.62,  0.3975,  2.6671
  42390303,1,   0, 5062.25,  3.8503, 3039.51,19178.04,59958.68,  0.4628,  1.7454
  42606035,1,   0,5300,  4.3254, 1356.67, 8560.00,60879.90,  0.3371, 22.7847
  43171646,1,   0, 4958.97,  3.8654, 1297.02, 8183.62,60618.96,  0.6759, 23.6755
  43285522,1,   0, 5363.50,  4.0481, 3242.54,20459.06,61597.07,  0.1860,  149.36
  43347935,1,   0, 5802.67,  4.4779, 1343.72, 8478.33,59374.05,  0.0333, 83.8255
  43402332,1,   0, 5510.75,  4.4278,  910.66, 5745.90,59095.39,  0.9659, 16.8295
  43435108,1,   0,4439,  3.7363, 1258.49, 7940.57,59012.66,  0.5518, 71.0636
  43625140,1,   0, 6105.76,  4.4239, 2091.61,13197.18,59084.47,  0.0737,  6.2628
  43656723,1,   0, 5325.31,  3.9000, 1972.78,12447.37,59064.45,  0.1850, 13.7483
  43761620,1,   0, 5551.46,  3.8505, 1703.58,10748.85,60763.17,  0.9285, 10.3602
  43771134,1,   0, 3938.93,  4.4694,  136.82,  863.25,61453.05,  0.6509, 23.6827
  43790939,1,   0,5011,  4.7045,  336.09, 2120.58,59831.95,  0.3289, 92.8393
  44322319,1,   0, 4283.75,  4.4937,  900.66, 5682.76,58957.27,  0.8770, 14.1538
  44468422,1,   0, 4011.57,  2.8166, 1399.38, 8829.52,59427.81,  0.1066, 16.9582
  44487098,1,   0, 4875.80,  4.5754,  656.81, 4144.22,60975.86,  0.6593,  147.71
  44533106,1,   0, 5802.67,  4.4779, 1343.72, 8478.33,59374.05,  0.0333, 83.8255
  44560702,1,   0, 6527.98,  4.1816,  389.83, 2459.68,59431.32,  0.6133, 40.2494
  44606510,1,   0,5034,  4.4141, 1105.83, 6977.30,59029.46,  0.9498, 46.1694
  45068777,1,   0, 4188.57,  3.9013, 1565.93, 9880.32,59153.36,  0.2877, 16.2502
  45274699,1,   0,5780,  4.1907, 1887.50,11909.35,60508.94,  0.0280, 14.2564
  45319856,1,   0, 4888.33,  3.9416, 1258.18, 7938.57,59478.19,  0.2484,  4.1581
  45364097,1,   0, 4863.67,  4.1309, 1366.12, 8619.64,59963.23,  0.8844,  416.18
  45406006,1,   0, 5167.19,  3.9433, 1584.79, 9999.32,62126.48,  0.6660,  128.37
  45535796,1,   0, 6453.33,  4.1017,  722.23, 4556.96,61128.39,  0.9995, 58.5590
  45575552,1,   0,5298,  4.3198, 1107.79, 6989.67,60755.37,  0.4765, 37.2814
  45804274,1,   0,5719,  4.5056,  853.68, 5386.35,61527.59,  0.9925, 25.5470
  45920059,1,   0, 5384.67,  4.2963,  962.09, 6070.40,60124.55,  0.2804, 81.4798
  46171121,1,   0, 4277.77,  4.3349, 1105.34, 6974.22,59935.31,  0.6232,  6.8492
  46593866,1,   0, 4888.68,  4.5430, 1384.85, 8737.81,62030.46,  0.1547, 37.3785
  46826939,1,   0, 6223.90,  4.1761, 2444.99,15426.83,60809.84,  0.5245, 19.4814
  46968146,1,   0, 5783.33,  4.1556, 1265.50, 7984.78,59405.11,  0.3047, 21.6260
  47040884,1,   0, 5199.50,  4.5313, 1240.23, 7825.34,60122.91,  0.5803, 22.3099
  47090993,1,   0, 5783.33,  4.1556, 1265.50, 7984.78,59405.11,  0.3047, 21.6260
  47098836,1,   0,4898,  3.8036,  829.67, 5234.86,58628.94,  0.8457, 82.4789
  47791340,1,   0, 4617.23,  4.4282, 1092.06, 6890.44,59042.49,  0.6245,  135.92
  47832818,1,   0, 5607.49,  4.5556, 1149.82, 7254.88,60544.46,  0.1799,  8.9391
  47923418,1,   0,5384,  4.6088, 1266.62, 7991.86,59088.95,  0.0135, 30.3516
  47962590,1,   0, 5610.93,  4.0738, 2402.11,15156.31,58808.79,  0.6816, 47.6415
  48015655,1,   0, 4526.08,  4.0217,  677.97, 4277.68,60808.96,  0.6011, 74.6460
  48352145,1,   0,5795,  4.2443, 2541.94,16038.57,61617.39,  0.8670, 45.4348
  48362139,1,   0, 5325.31,  3.9000, 1972.78,12447.37,59064.45,  0.1850, 13.7483
  48376859,1,   0,3890,  4.0160, 1287.00, 8120.43,60324.74,  0.9344, 38.0814
  48399418,1,   0, 5013.75,  4.6265,  815.33, 5144.37,60844.24,  0.5319, 38.3218
  48424258,1,   0, 4053.25,  3.2947, 2377.56,15001.36,59218.24,  0.1513,  5.4567
  48562420,1,   0, 4894.59,  4.5879,  692.38, 4368.60,61557.49,  0.4518, 22.2967
  49018736,1,   0, 4371.37,  4.4165, 1214.33, 7661.90,59880.10,  0.6695,  196.78
  49325737,1,   0, 4804.28,  4.4998,  666.84, 4207.50,59850.77,  0.3991, 32.2850
  49332107,1,   0,5094,  4.4355, 1400.56, 8836.94,58726.43,  0.5677, 33.7996
  49601227,1,   0, 4845.02,  4.4732, 1419.65, 8957.37,60952.88,  0.1734, 15.0047
  49623978,1,   0, 4802.04,  3.6948, 2085.51,13158.65,58833.90,  0.8195, 39.8088
  49666008,1,   0,5389,  4.1285, 1139.60, 7190.40,61007.03,  0.0015, 26.5885
  49803685,1,   0, 5774.50,  4.2844, 2736.73,17267.58,60791.80,  0.8812,  6.9254
  49875529,1,   0, 4903.75,  4.6046, 1005.83, 6346.38,58718.08,  0.3567, 74.1799
  49945960,1,   0,5816,  4.2690, 2687.45,16956.66,60239.48,  0.3931, 20.3865
  50181970,1,   0,5384,  4.6088, 1266.62, 7991.86,59088.95,  0.0135, 30.3516
  50633402,1,   0,5824,  4.3952,  899.44, 5675.10,61802.65,  0.6050, 79.4638
  50761489,1,   0,4267,  4.5969,  382.63, 2414.22,59726.21,  0.1405, 48.9311
  51194869,1,   0, 6377.05,  4.3945, 1585.04,10000.91,59059.64,  0.8280, 19.0341
  51314704,1,   0, 4388.28,  4.2892,  582.82, 3677.34,58794.68,  0.8426, 75.7236
  51404859,1,   0, 4585.05,  4.2049, 1152.87, 7274.12,59795.90,  0.3871,  181.69
  51653412,1,   0, 4423.75,  4.2709,  997.01, 6290.70,59737.29,  0.3726, 51.2118
  52080862,1,   0, 5713.67,  4.2791, 1145.08, 7224.98,61380.32,  0.8749,  1.9577
  52129020,1,   0,4898,  4.5764,  729.45, 4602.50,60901.94,  0.1175, 64.7727
  52228730,1,   0, 4462.50,  4.3352,  539.23, 3402.30,60992.34,  0.9919, 38.0938
  52564174,1,   0, 7064.83,  4.3438,  543.92, 3431.91,59867.16,  0.6184, 22.9486
  53033400,1,   0,4194,  4.4907,  811.10, 5117.67,60746.80,  0.2053, 98.7381
  53138603,1,   0,4311,  3.5179, 1538.94, 9710.02,58893.63,  0.6177, 48.4456
  53568535,1,   0, 6113.81,  4.2535, 2712.23,17113.03,62079.06,  0.4262, 69.6202
  53733165,1,   0,5794,  4.3810,  411.78, 2598.14,60515.97,  0.1222, 19.1658
  54392797,1,   0,5329,  4.2405, 1735.51,10950.32,62221.93,  0.7750,  9.7106
  54506508,1,   0, 4418.51,  4.5178,  889.13, 5610.01,61633.05,  0.2384, 12.7861
  54830409,1,   0,4370,  4.5212,  582.61, 3676.05,59797.12,  0.7336, 29.1971
  55015632,1,   0,5330,  3.9355,  475.29, 2998.85,59389.97,  0.4754,  110.70
  55194388,1,   0, 5131.81,  4.4107,  502.94, 3173.35,60635.60,  0.1150, 74.9973
  55389520,1,   0, 4585.05,  4.2049, 1152.87, 7274.12,59795.90,  0.3871,  181.69
  55506421,1,   0,5725,  4.4734,  459.14, 2896.96,62308.17,  0.8967, 21.4360
  55550572,1,   0, 4978.08,  4.5414,  584.49, 3687.87,59951.98,  0.0174, 25.4688
  55662208,1,   0, 4710.80,  4.2402, 1236.55, 7802.12,60057.74,  0.2628, 14.2138
  55669336,1,   0, 4289.62,  4.5958,  130.36,  822.50,62141.70,  0.5853,  133.34
  55799764,1,   0, 6131.50,  4.3443,  950.39, 5996.55,61361.82,  0.2392, 33.2185
  55829485,1,   0,4979,  4.5115,  747.44, 4716.03,58652.89,  0.7131, 27.0795
  55984945,1,   0,5339,  4.4318, 1795.01,11325.75,61814.21,  0.6861,  8.8926
  55995500,1,   0, 5813.25,  4.3707, 2271.18,14330.17,58914.88,  0.2728, 10.7026
  56201869,1,   0, 5017.68,  4.1689, 1208.61, 7625.78,60530.31,  0.9788,  124.99
  56549038,1,   0, 5193.35,  4.4447,  576.24, 3635.80,62314.62,  0.5839,  9.7255
  56567392,1,   0, 3938.93,  4.4694,  136.82,  863.25,61453.05,  0.6509, 23.6827
  56584102,1,   0,3585,  3.3186, 1602.31,10109.88,59546.75,  0.4093, 53.2519
  56699706,1,   0,6269,  4.4668, 1841.28,11617.70,60816.84,  0.8248, 65.3479
  56886292,1,   0, 5788.33,  3.9449, 2862.87,18063.48,60297.13,  0.5125, 43.6954
  56965869,1,   0, 4213.32,  4.1634, 1132.37, 7144.80,60444.88,  0.2187,  8.7233
  57388585,1,   0, 5343.55,  4.6290,  590.21, 3724.00,59880.65,  0.5106, 24.5243
  57535870,1,   0,4933,  4.2110, 1390.82, 8775.48,59219.43,  0.5585, 12.5557
  57614759,1,   0, 5444.28,  4.6041,  364.34, 2298.82,59731.60,  0.2388, 56.4042
  58110491,1,   0,5719,  4.5056,  853.68, 5386.35,61527.59,  0.9925, 25.5470
  58222022,1,   0,5447,  4.4275,  643.25, 4058.65,59586.65,  0.2084, 57.5112
  58247611,1,   0,4948,  4.6193, 1024.80, 6466.05,61233.80,  0.9441, 13.1779
  58436592,1,   0, 4976.06,  4.4578, 1818.51,11474.04,59269.61,  0.4259, 69.7706
  58550040,1,   0, 6218.93,  3.8679,  709.98, 4479.64,59289.28,  0.4957, 11.7967
  58597506,1,   0,4879,  4.3076,  755.29, 4765.54,59057.34,  0.1687,  9.3114
  58739615,1,   0, 4863.67,  4.1309, 1366.12, 8619.64,59963.23,  0.8844,  416.18
  58750707,1,   0, 5818.75,  3.9063, 1488.98, 9394.84,59903.32,  0.4338, 21.4210
  58891844,1,   0, 4034.16,  4.5290,  362.00, 2284.09,60002.41,  0.7697, 70.0106
  58902067,1,   0, 4852.15,  4.5049, 1101.08, 6947.34,60890.40,  0.3678,  143.60
  59301699,1,   0, 4871.53,  4.6105,  571.10, 3603.41,60922.30,  0.4908,  102.17
  59458503,1,   0, 4901.97,  4.4714,  474.45, 2993.58,61984.29,  0.5395, 34.2477
  59761774,1,   0, 4971.12,  4.3331,  788.52, 4975.22,59909.24,  0.5895, 28.1805
  60613517,1,   0, 5005.40,  4.2975, 1817.19,11465.70,59561.05,  0.0688, 59.5414
  60794815,1,   0,5388,  4.1726, 2279.46,14382.43,62093.09,  0.4816, 18.1997
  60946893,1,   0, 5013.75,  4.6265,  815.33, 5144.37,60844.24,  0.5319, 38.3218
  61033985,1,   0,5763,  3.8972, 3084.52,19461.98,61580.48,  0.7957, 70.7456
  61056588,1,   0,5763,  3.8972, 3084.52,19461.98,61580.48,  0.7957, 70.7456
  61095387,1,   0, 5802.67,  4.4779, 1343.72, 8478.33,59374.05,  0.0333, 83.8255
  61125967,1,   0, 4375.50,  4.4806, 1094.09, 6903.25,58735.59,  0.7008, 16.1817
  61138850,1,   0,5012,  4.4680, 1300.90, 8208.11,59787.06,  0.0776, 75.9289
  61505796,1,   0, 4863.67,  4.1309, 1366.12, 8619.64,59963.23,  0.8844,  416.18
  61708965,1,   0, 5111.33,  3.9034, 2430.13,15333.11,60582.37,  0.3438, 10.6166
  61775846,1,   0,5355,  4.4809,  450.96, 2845.35,61549.62,  0.8724,  7.0672
  62031486,1,   0, 4287.25,  4.4945,  882.77, 5569.89,61917.23,  0.3533, 69.1127
  62072366,1,   0,5298,  4.3198, 1107.79, 6989.67,60755.37,  0.4765, 37.2814
  62476109,1,   0,5525,  3.8918, 1351.35, 8526.45,61788.17,  0.3542, 34.5647
  62816774,1,   0, 4402.50,  4.4332, 1074.81, 6781.57,61656.05,  0.0381,  261.84
  63043633,1,   0, 5235.91,  4.3908,  342.01, 2157.93,59911.06,  0.4597, 76.5123
  63480468,1,   0,4060,  4.6326,  369.88, 2333.77,61903.27,  0.8818, 43.8790
  63527391,1,   0, 5017.68,  4.1689, 1208.61, 7625.78,60530.31,  0.9788,  124.99
  63609998,1,   0,4907,  4.4510,  557.20, 3515.67,62414.09,  0.8599,  231.53
  63646778,1,   0,4917,  4.2835, 1784.44,11259.05,59666.94,  0.6174, 33.1006
  63666565,1,   0,5442,  4.4888,  259.08, 1634.69,60932.77,  0.5058, 83.9750
  63722692,1,   0, 4949.82,  4.7420,  821.76, 5184.96,60694.76,  0.0531, 22.2928
  63753251,1,   0,5770,  4.0625, 1742.77,10996.12,62146.20,  0.5308, 46.0552
  63797839,1,   0, 5793.50,  4.2406, 1963.48,12388.72,60433.41,  0.1085, 20.8843
  63802642,1,   0, 5304.67,  4.2877, 1506.93, 9508.10,59688.07,  0.6589,  9.7640
  63915214,1,   0, 6426.90,  4.0197, 1523.00, 9609.46,59151.31,  0.7797, 25.6920
  64844361,1,   0,5034,  4.4141, 1105.83, 6977.30,59029.46,  0.9498, 46.1694
  64854881,1,   0, 4802.02,  4.4545, 1222.20, 7711.53,62295.45,  0.7348, 26.0910
  65086971,1,   0,5364,  4.4212, 1119.32, 7062.43,61916.66,  0.7420, 21.4390
  65297050,1,   0,7889,  4.3450, 1735.51,10950.32,62144.21,  0.6904,  7.3214
  65506006,1,   0, 4995.34,  3.8388, 1690.05,10663.47,60242.70,  0.0714, 12.1502
  65530351,1,   0, 5686.33,  4.3288,  518.32, 3270.40,61679.90,  0.4250,  9.7004
  65649711,1,   0, 5343.55,  4.6290,  590.21, 3724.00,59880.65,  0.5106, 24.5243
  65687425,1,   0, 5878.76,  4.1330, 1610.31,10160.34,62004.75,  0.3184, 23.9024
  65711369,1,   0, 4008.67,  4.5729,  308.51, 1946.56,62207.60,  0.3767, 84.0733
  65725461,1,   0, 5017.69,  4.2010,  824.88, 5204.63,62418.98,  0.2745,  115.66
  65728026,1,   0, 6037.95,  4.4730, 1115.70, 7039.58,60606.55,  0.2491, 15.0217
  65947735,1,   0, 5098.02,  4.4851, 1398.21, 8822.11,59807.25,  0.2062, 83.6936
  66133749,1,   0, 5607.49,  4.5556, 1149.82, 7254.88,60544.46,  0.1799,  8.9391
  66326671,1,   0,3961,  4.3888,  798.59, 5038.79,58829.30,  0.3113, 50.9097
  66412906,1,   0,5427,  4.4726,  699.20, 4411.67,61638.05,  0.8846, 64.0158
  66586188,1,   0, 5272.67,  4.6426, 1242.54, 7839.93,61362.80,  0.2310, 42.3515
  66751057,1,   0, 5236.35,  4.0355, 1765.23,11137.82,59167.54,  0.8525, 18.0131
  66753762,1,   0, 4802.04,  3.6948, 2085.51,13158.65,58833.90,  0.8195, 39.8088
  66908807,1,   0,5355,  4.4809,  450.96, 2845.35,61549.62,  0.8724,  7.0672
  67003828,1,   0,5384,  4.5486, 1129.56, 7127.05,61340.30,  0.3470, 50.7915
  67270896,1,   0,7278,  4.1754, 1812.25,11434.53,59784.24,  0.7125,  103.53
  67433632,1,   0, 6351.25,  4.3871,  769.23, 4853.52,59152.16,  0.8653,  9.7771
  67486956,1,   0, 4965.50,  4.6590,  474.54, 2994.15,59164.43,  0.4548, 45.0378
  67527026,1,   0, 5825.25,  4.2566, 1196.60, 7550.05,58874.14,  0.4248, 84.1500
  67800368,1,   0, 4868.33,  4.3732, 1945.90,12277.82,60754.97,  0.9296,  101.93
  68038035,1,   0, 4845.02,  4.4732, 1419.65, 8957.37,60952.88,  0.1734, 15.0047
  68056419,1,   0, 4825.23,  4.2675, 1017.09, 6417.39,59760.94,  0.3173, 26.7852
  68219557,1,   0, 5407.50,  4.4371, 1932.74,12194.77,58882.20,  0.1875,  155.71
  68328117,1,   0,4480,  2.8247, 5042.86,31818.32,61291.08,  0.6293, 16.7552
  68494801,1,   0, 4753.99,  3.8304, 2697.60,17020.70,60895.03,  0.7978,  344.12
  68914982,1,   0, 4901.59,  4.5194,  424.09, 2675.82,61174.86,  0.5246, 45.1554
  68959470,1,   0,5097,  4.3171,  955.66, 6029.79,60619.98,  0.7921,  5.1662
  69147716,1,   0, 5013.75,  4.6265,  815.33, 5144.37,60844.24,  0.5319, 38.3218
  69153346,1,   0,5965,  4.1440,  657.42, 4148.03,60982.96,  0.2541, 39.1036
  69169922,1,   0, 5381.75,  4.2171, 1494.10, 9427.12,61945.13,  0.5394, 13.3394
  69212199,1,   0, 4967.50,  3.7828, 2123.59,13398.97,62244.48,  0.2973,  121.85
  69359718,1,   0, 5549.49,  3.8575, 2403.27,15163.60,60069.08,  0.8379, 48.5912
  69501170,1,   0, 4887.50,  4.6321,  558.91, 3526.48,61403.27,  0.3834, 10.2374
  69629671,1,   0, 6328.75,  4.3155,  810.18, 5111.86,61150.21,  0.2785,  6.6391
  69818898,1,   0, 5990.50,  4.5012, 2010.05,12682.56,61473.13,  0.0643, 24.5070
  69994461,1,   0, 5778.50,  4.3148, 1861.50,11745.30,60228.16,  0.9438,  8.2614
  70007715,1,   0, 5159.67,  3.2865, 2287.28,14431.78,59473.57,  0.5252, 19.6019
  70215883,1,   0, 4007.34,  4.5323,  497.56, 3139.40,59117.57,  0.7703, 43.9932
  70276983,1,   0, 5131.81,  4.4107,  502.94, 3173.35,60635.60,  0.1150, 74.9973
  70325641,1,   0,5037,  3.6602, 1686.91,10643.68,61046.11,  0.1217, 79.6126
  70479890,1,   0, 4933.18,  4.1920, 1637.20,10330.02,59506.18,  0.9275,  2.9356
  70492696,1,   0, 4931.26,  4.5619, 1232.59, 7777.12,59077.33,  0.5328, 61.7430
  70566250,1,   0,4013,  4.1447, 1203.51, 7593.66,61496.04,  0.2411, 48.5146
  70637776,1,   0, 5802.67,  4.4779, 1343.72, 8478.33,59374.05,  0.0333, 83.8255
  70900738,1,   0, 4968.10,  4.3900,  751.99, 4744.75,60461.66,  0.6133, 52.2563
  70937024,1,   0,5427,  4.4726,  699.20, 4411.67,61638.05,  0.8846, 64.0158
  71290148,1,   0,4963,  4.4423, 1265.98, 7987.81,59478.74,  0.0481, 29.3908
  71390076,1,   0,4963,  4.4423, 1265.98, 7987.81,59478.74,  0.0481, 29.3908
  71684976,1,   0,3900,  3.1328, 2312.67,14591.98,58817.21,  0.8619, 27.7897
  71788775,1,   0,7109,  4.2814, 1421.46, 8968.83,62180.07,  0.7730, 23.0171
  71980264,1,   0, 4857.50,  4.4109,  466.11, 2940.98,60223.71,  0.5183,  5.6151
  72438964,1,   0,5384,  4.6088, 1266.62, 7991.86,59088.95,  0.0135, 30.3516
  72444874,1,   0,5409,  4.4310,  817.06, 5155.30,61491.14,  0.7075, 12.4206
  72446801,1,   0,5394,  4.1495, 2482.62,15664.28,59201.86,  0.3397, 15.9539
  72663898,1,   0, 4992.79,  4.0261, 2393.49,15101.90,59806.87,  0.0774, 30.7205
  72729504,1,   0, 4990.81,  4.4444, 1646.09,10386.13,62381.50,  0.3031,  209.77
  73019925,1,   0, 5034.67,  4.5496,  270.03, 1703.77,60936.62,  0.5478,  7.2531
  73338080,1,   0, 4998.79,  4.4186, 1135.98, 7167.53,61862.36,  0.8667, 35.7523
  73358089,1,   0, 6303.50,  4.4062, 1357.04, 8562.32,60936.72,  0.2957,  186.97
  73686366,1,   0,4872,  3.9422,  787.65, 4969.73,58732.02,  0.2693,  328.29
  74184335,1,   0, 4462.50,  4.3352,  539.23, 3402.30,60992.34,  0.9919, 38.0938
  74412664,1,   0,5769,  4.3240, 1974.72,12459.66,61578.40,  0.9083, 77.0050
  74609303,1,   0,4420,  4.4197, 1246.57, 7865.34,61975.73,  0.9904, 73.1200
  74733199,1,   0,4475,  4.2095,  952.83, 6011.98,59746.38,  0.9029, 45.1127
  74852850,1,   0, 5768.75,  4.4023, 1374.57, 8672.95,59744.20,  0.7791, 24.5467
  74857376,1,   0, 4889.50,  4.2276, 1110.86, 7009.08,61203.62,  0.3975,  2.6671
  74952264,1,   0, 5373.50,  4.3499, 1408.45, 8886.72,62011.38,  0.2987, 77.9226
  75583508,1,   0, 4049.67,  4.5097,  459.64, 2900.15,61795.24,  0.1975, 79.6107
  75947875,1,   0,5748,  4.1249, 1956.18,12342.67,62498.14,  0.4612, 11.4157
  76015537,1,   0, 4861.85,  3.4438, 2136.30,13479.11,61226.52,  0.7684,  7.5801
  76355772,1,   0, 4865.33,  4.5823,  451.04, 2845.87,60989.37,  0.0774, 50.9905
  76592069,1,   0, 4922.67,  4.1041,  896.30, 5655.26,60464.68,  0.9555, 29.1692
  76618157,1,   0,5100,  4.3641,  278.23, 1755.54,62207.71,  0.3125, 68.2392
  76664408,1,   0, 6131.50,  4.3443,  950.39, 5996.55,61361.82,  0.2392, 33.2185
  76718998,1,   0,4896,  3.5990, 1424.70, 8989.28,59248.41,  0.9980, 12.8001
  76864362,1,   0, 4965.50,  2.7673, 3872.97,24436.77,59970.12,  0.7454, 36.6839
  76907062,1,   0, 4932.50,  4.5144,  869.72, 5487.54,62044.75,  0.3573, 27.1109
  77093219,1,   0, 4990.81,  4.4444, 1646.09,10386.13,62381.50,  0.3031,  209.77
  77456299,1,   0, 5125.23,  4.0752, 1982.95,12511.55,61566.56,  0.9121, 60.1125
  77470275,1,   0, 4524.05,  3.9800, 1262.79, 7967.64,58776.83,  0.1748, 23.3095
  77789517,1,   0, 5016.50,  3.8623, 1701.26,10734.22,61643.79,  0.1666,  9.0849
  77993628,1,   0, 4390.67,  4.0592, 1963.86,12391.15,61484.24,  0.3381, 11.2097
  78116408,1,   0,4446,  4.2101,  613.69, 3872.09,58626.98,  0.7609, 99.8726
  78163307,1,   0, 6591.57,  4.4399, 2268.60,14313.91,60069.35,  0.3469, 50.2501
  78251555,1,   0,4194,  4.4907,  811.10, 5117.67,60746.80,  0.2053, 98.7381
  78329418,1,   0,5824,  4.4736,  951.38, 6002.83,60431.06,  0.4211, 80.4214
  78341394,1,   0, 4016.11,  4.1153, 1388.89, 8763.30,58977.12,  0.0755, 17.7356
  78344612,1,   0,4370,  4.5212,  582.61, 3676.05,59797.12,  0.7336, 29.1971
  78357902,1,   0, 5252.61,  4.3499, 1667.22,10519.46,60079.97,  0.2206, 11.0677
  78579643,1,   0,5001,  4.4128,  340.90, 2150.94,58837.16,  0.0919, 55.8737
  78723353,1,   0,5796,  4.2456,  979.72, 6181.61,60805.89,  0.5536, 40.8469
  78728010,1,   0, 5117.39,  3.9181, 2097.76,13235.94,58994.44,  0.6100, 62.2139
  78960567,1,   0, 4853.55,  4.5309,  198.63, 1253.29,58723.29,  0.5441,  267.32
  79168738,1,   0, 5953.23,  4.2634, 2033.35,12829.55,61349.34,  0.9537,  5.6296
  79322696,1,   0, 4882.96,  4.4703, 1029.76, 6497.35,60675.02,  0.0786, 27.7097
  79477642,1,   0, 5825.25,  4.2566, 1196.60, 7550.05,58874.14,  0.4248, 84.1500
  79675638,1,   0,4917,  3.9641, 2232.14,14083.87,62251.52,  0.4850,  147.53
  79723775,1,   0, 4941.01,  4.2177,  439.35, 2772.10,61837.53,  0.4928, 51.4581
  79819463,1,   0,5100,  4.3641,  278.23, 1755.54,62207.71,  0.3125, 68.2392
  79886597,1,   0,5314,  4.4974,  517.20, 3263.29,59131.77,  0.9937, 87.3389
  79915751,1,   0, 4992.79,  4.0261, 2393.49,15101.90,59806.87,  0.0774, 30.7205
  80067866,1,   0, 5614.55,  4.1557,  270.32, 1705.61, 59237,  0.6319, 35.1242
  80079606,1,   0,4933,  4.2110, 1390.82, 8775.48,59219.43,  0.5585, 12.5557
  80104427,1,   0,5202,  4.5094,  382.10, 2410.90,59108.99,  0.6517, 89.5794
  80124277,1,   0,5367,  4.2353, 2126.75,13418.91,58610.61,  0.3063, 24.1599
  80236423,1,   0, 5017.68,  4.1689, 1208.61, 7625.78,60530.31,  0.9788,  124.99
  80298677,1,   0,6396,  4.4878,  697.84, 4403.05,60978.05,  0.5824, 56.7860
  80699199,1,   0,4902,  4.5041,  643.05, 4057.34,58968.49,  0.4708, 13.6907
  81240200,1,   0, 5304.67,  4.2877, 1506.93, 9508.10,59688.07,  0.6589,  9.7640
  81824634,1,   0, 5793.50,  4.2406, 1963.48,12388.72,60433.41,  0.1085, 20.8843
  81941848,1,   0,4278,  4.0640, 1548.71, 9771.68,58628.24,  0.2973, 20.6120
  82077298,1,   0, 4785.86,  4.6838,  861.10, 5433.20,61639.72,  0.9665, 35.7639
  82126017,1,   0,5428,  4.3265,  959.32, 6052.93,58579.64,  0.9677, 17.7874
  82447262,1,   0,4282,  4.5199,  390.58, 2464.39,59400.45,  0.0369, 75.7609
  82522235,1,   0,3890,  4.0160, 1287.00, 8120.43,60324.74,  0.9344, 38.0814
  82524987,1,   0, 4971.33,  4.6119,  879.66, 5550.29,60872.72,  0.4544, 81.0047
  82549887,1,   0,4764,  4.3818, 1655.90,10448.04,59696.04,  0.6139, 17.2810
  82835730,1,   0,5034,  4.4141, 1105.83, 6977.30,59029.46,  0.9498, 46.1694
  82994851,1,   0,5836,  4.3314,  949.58, 5991.43,61558.32,  0.5520, 28.8956
  83360217,1,   0, 5698.20,  4.7170,  800.26, 5049.27,60039.04,  0.2736, 79.3537
  83453688,1,   0, 5110.62,  4.3347,  701.46, 4425.91,60107.96,  0.7358, 23.1576
  83488720,1,   0, 4545.81,  3.9583, 1038.31, 6551.32,59314.03,  0.7768, 44.9108
  83885139,1,   0, 6223.90,  4.1761, 2444.99,15426.83,60809.84,  0.5245, 19.4814
  84162441,1,   0, 5012.23,  4.4207,  431.61, 2723.28,61513.55,  0.4363, 27.2944
  84207766,1,   0,5384,  4.2852, 2161.69,13639.37,59173.20,  0.6735, 24.8000
  84370832,1,   0, 5549.49,  3.8575, 2403.27,15163.60,60069.08,  0.8379, 48.5912
  84381635,1,   0, 6351.25,  4.3871,  769.23, 4853.52,59152.16,  0.8653,  9.7771
  84988838,1,   0,5003,  4.6331,  897.10, 5660.33,59624.90,  0.1648, 16.7933
  85368668,1,   0, 4975.17,  4.5527, 1061.68, 6698.77,62103.52,  0.1657, 74.4802
  85418844,1,   0, 4743.72,  4.4195, 1533.27, 9674.29,60380.83,  0.2799, 10.8728
  85513757,1,   0, 5452.03,  4.6228, 1558.85, 9835.66,59498.00,  0.9092, 44.2141
  85700741,1,   0,5003,  4.6331,  897.10, 5660.33,59624.90,  0.1648, 16.7933
  85751140,1,   0, 3975.33,  3.5797, 1925.67,12150.15,61136.58,  0.4112, 93.1671
  85984091,1,   0,5300,  4.3254, 1356.67, 8560.00,60879.90,  0.3371, 22.7847
  86151472,1,   0, 4937.50,  4.3494, 1092.66, 6894.20,59254.05,  0.3699, 10.6082
  86213654,1,   0,5273,  4.4793, 1429.59, 9020.12,59558.14,  0.2918, 33.5306
  86224117,1,   0,5785,  4.0750,  915.83, 5778.53,59632.79,  0.2194, 31.4667
  86487763,1,   0, 4400.02,  4.1998, 1141.81, 7204.35,60322.41,  0.4610, 29.1605
  86612891,1,   0, 4655.40,  4.5355, 1118.57, 7057.69,62023.10,  0.9248, 35.9272
  86726996,1,   0, 4785.86,  4.6838,  861.10, 5433.20,61639.72,  0.9665, 35.7639
  86745404,1,   0,4591,  3.7219, 2554.28,16116.41,61311.29,  0.2845, 22.9451
  86777576,1,   0, 4971.12,  4.3331,  788.52, 4975.22,59909.24,  0.5895, 28.1805
  86811787,1,   0, 4402.50,  4.4332, 1074.81, 6781.57,61656.05,  0.0381,  261.84
  87126302,1,   0,4440,  3.6623, 1126.76, 7109.38,61087.59,  0.6119, 37.3839
  87175959,1,   0,4480,  2.8247, 5042.86,31818.32,61291.08,  0.6293, 16.7552
  87183951,1,   0, 5117.39,  3.9181, 2097.76,13235.94,58994.44,  0.6100, 62.2139
  87398487,1,   0, 4416.94,  4.0491, 1207.44, 7618.42,58858.04,  0.4286, 33.5753
  87402469,1,   0, 4643.04,  2.7307, 1399.97, 8833.23,60811.18,  0.2195,  296.58
  87441243,1,   0,4934,  4.4755,  586.99, 3703.67,62424.13,  0.0222, 21.9903
  87487222,1,   0, 4875.80,  4.5754,  656.81, 4144.22,60975.86,  0.6593,  147.71
  87859705,1,   0, 3938.98,  2.2119, 2783.96,17565.63,62461.77,  0.8173, 66.8872
  87997772,1,   0, 5598.75,  4.2644, 1450.33, 9150.94,60371.63,  0.6800,  148.74
  88056614,1,   0, 3694.67,  4.4661,  325.40, 2053.16,61646.36,  0.7066, 21.1893
  88287927,1,   0, 4064.97,  4.5412,  237.89, 1500.99,59109.60,  0.4822, 22.5901
  88333068,1,   0, 6426.90,  4.0197, 1523.00, 9609.46,59151.31,  0.7797, 25.6920
  88336542,1,   0, 5432.72,  4.3323, 2314.81,14605.49,58734.95,  0.2750, 12.6050
  89364184,1,   0, 6037.95,  4.4730, 1115.70, 7039.58,60606.55,  0.2491, 15.0217
  89425817,1,   0, 3572.33,  4.5698,  317.08, 2000.63,59528.28,  0.9167, 33.7615
  89436814,1,   0, 4944.58,  4.4701, 1308.39, 8255.36,59049.93,  0.0463, 75.5271
  89597867,1,   0,3933,  4.0851, 1074.00, 6776.47,61357.21,  0.4760, 48.9650
  90102359,1,   0, 4448.21,  4.3266, 1072.04, 6764.12,59233.18,  0.9996, 16.7389
  90210282,1,   0, 4965.50,  4.6590,  474.54, 2994.15,59164.43,  0.4548, 45.0378
  90235115,1,   0,5836,  4.3314,  949.58, 5991.43,61558.32,  0.5520, 28.8956
  90633538,1,   0, 3938.98,  2.2119, 2783.96,17565.63,62461.77,  0.8173, 66.8872
  91222390,1,   0, 5037.03,  4.5411, 1436.16, 9061.57,58881.40,  0.3879,  142.98
  91236753,1,   0, 6223.90,  4.1761, 2444.99,15426.83,60809.84,  0.5245, 19.4814
  91657831,1,   0,5022,  4.3219,  977.90, 6170.13,59890.71,  0.9779, 38.6515
  91809383,1,   0, 5528.97,  4.6104, 1214.92, 7665.62,61244.03,  0.9707,  6.8671
  91945049,1,   0, 6426.90,  4.0197, 1523.00, 9609.46,59151.31,  0.7797, 25.6920
  91963316,1,   0,5869,  3.9268, 1708.53,10780.07,59597.27,  0.7352, 77.3308
  92050652,1,   0,4058,  4.5919,  647.50, 4085.45,62398.32,  0.7918, 26.5322
  92115303,1,   0, 4923.41,  3.5113, 3792.19,23927.09,60378.66,  0.3936, 18.4736
  92131789,1,   0, 5305.50,  4.2138, 2211.41,13953.06,59974.75,  0.7405,  8.8770
  92604818,1,   0,4308,  4.5233,  706.71, 4459.06,59211.29,  0.4106, 28.4651
  92716647,1,   0,4282,  4.5199,  390.58, 2464.39,59400.45,  0.0369, 75.7609
  92717095,1,   0,5836,  4.3314,  949.58, 5991.43,61558.32,  0.5520, 28.8956
  92863529,1,   0, 4008.67,  4.5729,  308.51, 1946.56,62207.60,  0.3767, 84.0733
  93024634,1,   0, 5549.49,  3.8575, 2403.27,15163.60,60069.08,  0.8379, 48.5912
  93153312,1,   0,5915,  4.3975,  899.44, 5675.10,60759.49,  0.2227,  240.43
  93280287,1,   0,5229,  4.5436,  363.54, 2293.81,59308.79,  0.7344, 36.7420
  93582367,1,   0, 5304.14,  4.5040,  346.37, 2185.44,61209.46,  0.2697, 18.6270
  93673859,1,   0,5052,  4.6115,  406.04, 2561.95,61666.53,  0.9704,  5.7734
  93740508,1,   0, 5652.75,  4.3038,  515.38, 3251.85,60522.04,  0.9715, 48.0523
  93791443,1,   0, 4863.67,  4.1309, 1366.12, 8619.64,59963.23,  0.8844,  416.18
  93858559,1,   0, 5282.65,  4.2596, 2370.79,14958.69,60128.34,  0.5386,  3.9416
  94267812,1,   0, 4464.20,  4.5869,  784.68, 4951.02,60634.84,  0.2432, 73.2184
  94299652,1,   0, 5824.57,  4.1555,  232.32, 1465.84,61244.32,  0.4703, 21.9352
  94510085,1,   0,4308,  4.5233,  706.71, 4459.06,59211.29,  0.4106, 28.4651
  94836172,1,   0, 4539.31,  4.5308, 1062.36, 6703.04,62383.25,  0.3341, 48.3575
  94915335,1,   0, 4642.36,  4.6778,  736.81, 4648.96,58788.18,  0.2995,  113.93
  94962436,1,   0, 5017.68,  4.1689, 1208.61, 7625.78,60530.31,  0.9788,  124.99
  95117378,1,   0, 5435.93,  4.1740, 1492.98, 9420.09,60290.77,  0.5841, 61.4502
  95121324,1,   0, 3705.79,  4.5748,  360.72, 2276.02,61300.14,  0.1268, 11.7767
  95143136,1,   0,5858,  4.4783, 1451.17, 9156.25,61075.77,  0.8921, 29.0473
  95210266,1,   0,5011,  4.7045,  336.09, 2120.58,59831.95,  0.3289, 92.8393
  95549190,1,   0, 4906.18,  3.5115,  503.22, 3175.11,58863.01,  0.8634,  310.18
  95651538,1,   0, 5363.67,  4.4949,  569.25, 3591.72,60736.55,  0.1998, 13.2897
  95653566,1,   0, 5801.95,  4.4540,  923.02, 5823.86,59778.55,  0.7485, 58.9195
  95741457,1,   0, 4818.12,  4.7095,  673.95, 4252.31,61971.42,  0.9564,  255.04
  96059118,1,   0,5391,  4.4047, 1856.67,11714.77,60245.78,  0.7526, 79.2088
  96108720,1,   0, 5136.47,  4.6021,  145.24,  916.41,61930.11,  0.2709, 52.6572
  96137940,1,   0,4973,  3.9600, 1882.53,11877.96,61817.55,  0.8620, 47.3077
  96154170,1,   0, 4958.25,  4.6025,  865.20, 5459.05,59247.62,  0.8974, 19.9932
  96341392,1,   0,4770,  3.9898, 2207.02,13925.34,59373.27,  0.0474, 18.4871
  96514921,1,   0, 5444.28,  4.6041,  364.34, 2298.82,59731.60,  0.2388, 56.4042
  96912290,1,   0, 3938.98,  2.2119, 2783.96,17565.63,62461.77,  0.8173, 66.8872
  97502853,1,   0, 5249.50,  4.1646,  967.87, 6106.83,62461.23,  0.6588, 11.6156
  97638875,1,   0, 6351.25,  4.3871,  769.23, 4853.52,59152.16,  0.8653,  9.7771
  97892150,1,   0, 4595.42,  3.4590, 2502.50,15789.72,60948.23,  0.7873, 50.8278
  98356635,1,   0, 6272.67,  4.2406,  246.08, 1552.63,59516.51,  0.7818, 23.2157
  98478979,1,   0, 4429.16,  4.5457,  943.84, 5955.24,62481.62,  0.8121, 37.9516
  98504218,1,   0, 4974.33,  4.7707,  915.50, 5776.41,59981.48,  0.6814,  6.5908
  98516520,1,   0, 4049.05,  4.6235,  564.14, 3559.50,62210.13,  0.9433, 19.7840
  98662194,1,   0, 4119.20,  4.1430,  785.61, 4956.85,60687.15,  0.9532,  8.3762
  98990387,1,   0,5384,  4.5486, 1129.56, 7127.05,61340.30,  0.3470, 50.7915
  99212401,1,   0,5064,  4.6687,  429.89, 2712.40,60413.27,  0.2753, 24.6291
  99640474,1,   0,5910,  4.3068, 1335.11, 8424.00,61142.40,  0.7214, 45.6780
  99712043,1,   0,5442,  4.4888,  259.08, 1634.69,60932.77,  0.5058, 83.9750
 100011271,1,   0, 3814.99,  4.6134,  286.51, 1807.75,62424.93,  0.7426, 17.4027
 100221629,1,   0, 5362.50,  4.2349, 1778.41,11221.01,59739.75,  0.8820, 90.4585
 100281761,1,   0,4928,  4.4176,  776.04, 4896.46,58657.76,  0.8554, 27.9889
 100627680,1,   0, 5617.28,  3.8178, 2051.70,12945.37,61221.07,  0.2342, 14.7009
 100756373,1,   0, 4973.67,  4.7254,  272.37, 1718.53,60370.75,  0.8563, 26.2584
 101296078,1,   0, 4987.33,  4.6423, 1142.99, 7211.77,59459.71,  0.3845, 52.4382
 101758035,1,   0, 4875.80,  4.5754,  656.81, 4144.22,60975.86,  0.6593,  147.71
 101780061,1,   0, 5565.19,  4.0287, 1469.51, 9271.97,59840.88,  0.7407, 15.3736
 101922688,1,   0, 4304.81,  4.2752,  889.52, 5612.50,60445.72,  0.1814, 23.1485
 101926317,1,   0,4902,  4.5041,  643.05, 4057.34,58968.49,  0.4708, 13.6907
 101943533,1,   0, 5297.46,  3.9903, 1928.64,12168.90,60617.04,  0.6238, 10.6531
 102067675,1,   0,4984,  4.5115,  828.09, 5224.89,59879.49,  0.8027, 87.2357
 102135585,1,   0, 4980.06,  4.5698,  794.79, 5014.76,58793.39,  0.4841, 45.4865
 102449108,1,   0, 5373.50,  4.3499, 1408.45, 8886.72,62011.38,  0.2987, 77.9226
 102464956,1,   0,5482,  4.3997, 1560.31, 9844.86,60681.00,  0.8744,  4.6317
 102495930,1,   0,5348,  4.2677, 1542.50, 9732.49,60982.55,  0.2626,  5.7185
 102501509,1,   0,5962,  4.2364, 2847.38,17965.76,62197.07,  0.7979, 50.5071
 102585963,1,   0, 5131.81,  4.4107,  502.94, 3173.35,60635.60,  0.1150, 74.9973
 102969490,1,   0,5719,  4.5056,  853.68, 5386.35,61527.59,  0.9925, 25.5470
 103350291,1,   0, 5136.99,  4.3807,  904.81, 5708.99,59111.06,  0.5866, 27.8865
 103542218,1,   0, 4685.25,  4.3592,  946.34, 5971.02,60170.75,  0.5220, 87.9526
 103595628,1,   0, 5399.60,  3.9450, 1233.81, 7784.79,62365.88,  0.1545, 16.9517
 103946707,1,   0, 4980.65,  4.4655,  459.16, 2897.09,59815.24,  0.9661,  6.4441
 103963288,1,   0, 5050.75,  4.6772,  345.24, 2178.34,59284.12,  0.2786,  4.2643
 104305293,1,   0, 5373.50,  4.3499, 1408.45, 8886.72,62011.38,  0.2987, 77.9226
 104312461,1,   0,5324,  4.1103,  521.05, 3287.61,60695.39,  0.8470, 17.9677
 104325067,1,   0, 4732.13,  4.5862,  807.23, 5093.29,61501.97,  0.1143, 52.7088
 104442688,1,   0,4872,  3.9422,  787.65, 4969.73,58732.02,  0.2693,  328.29
 104975814,1,   0,5462,  4.0026, 1240.85, 7829.23,60788.41,  0.2713, 10.5269
 105058178,1,   0,4950,  4.1398, 1965.02,12398.45,60849.69,  0.0823,  167.45
 105076382,1,   0, 5006.27,  4.6331, 1055.30, 6658.48,58990.96,  0.3998,  105.56
 105239665,1,   0,5382,  4.4565, 1764.29,11131.92,59640.47,  0.5025, 22.2401
 105270962,1,   0, 4287.25,  4.4945,  882.77, 5569.89,61917.23,  0.3533, 69.1127
 105299994,1,   0, 4802.04,  3.6948, 2085.51,13158.65,58833.90,  0.8195, 39.8088
 105495295,1,   0, 4188.57,  3.9013, 1565.93, 9880.32,59153.36,  0.2877, 16.2502
 105505272,1,   0, 3794.53,  4.3168,  721.66, 4553.35,60002.40,  0.7464,  9.5476
 105575869,1,   0, 5074.50,  4.5777, 1120.32, 7068.76,59397.26,  0.7095, 84.7725
 105662096,1,   0, 5953.23,  4.2634, 2033.35,12829.55,61349.34,  0.9537,  5.6296
 105918194,1,   0, 4971.12,  4.3331,  788.52, 4975.22,59909.24,  0.5895, 28.1805
 105927645,1,   0, 5002.25,  4.3867, 2004.81,12649.51,62349.38,  0.0426,  3.6539
 105969485,1,   0, 4958.97,  3.8654, 1297.02, 8183.62,60618.96,  0.6759, 23.6755
 106125777,1,   0, 4402.50,  4.4332, 1074.81, 6781.57,61656.05,  0.0381,  261.84
 106338430,1,   0,5427,  4.0785, 1877.23,11844.52,62323.16,  0.2432, 13.9332
 106351600,1,   0,5382,  4.3339, 1103.39, 6961.90,58974.81,  0.1597,  176.05
 106510554,1,   0, 4644.50,  4.2887, 1548.95, 9773.19,60021.18,  0.0151, 78.3707
 106580100,1,   0, 4277.77,  4.3349, 1105.34, 6974.22,59935.31,  0.6232,  6.8492
 106800653,1,   0, 4932.50,  4.5144,  869.72, 5487.54,62044.75,  0.3573, 27.1109
 106833311,1,   0, 4973.67,  4.7254,  272.37, 1718.53,60370.75,  0.8563, 26.2584
 106893652,1,   0,4872,  4.5416,  295.60, 1865.14,59234.55,  0.8340, 29.6282
 106974668,1,   0,4803,  2.9878, 1665.28,10507.20,62309.46,  0.5030,  6.3011
 107058712,1,   0,4943,  4.6177,  916.42, 5782.23,59372.27,  0.7708,  136.50
 107107710,1,   0, 4526.08,  4.3703, 1495.22, 9434.17,58904.76,  0.5870, 36.7905
 107368574,1,   0, 4643.04,  2.7307, 1399.97, 8833.23,60811.18,  0.2195,  296.58
 107558663,1,   0, 5131.81,  4.4107,  502.94, 3173.35,60635.60,  0.1150, 74.9973
 107858622,1,   0, 5338.50,  4.4045, 1264.86, 7980.74,61335.94,  0.1311, 71.1380
 108104857,1,   0, 4341.33,  3.8883, 2141.33,13510.86,60060.02,  0.6664, 53.7638
 108379551,1,   0, 4571.98,  4.7264,  595.10, 3754.80,59896.32,  0.9227,  264.15
 108721884,1,   0, 4054.34,  3.8680, 1824.48,11511.72,59413.86,  0.3008, 11.4066
 108757615,1,   0,4994,  3.8490, 1147.97, 7243.23,62311.38,  0.8241, 24.9888
 109371427,1,   0, 6009.33,  4.1707, 1320.66, 8332.77,62372.96,  0.3173,  126.40
 109391735,1,   0, 4863.67,  4.1309, 1366.12, 8619.64,59963.23,  0.8844,  416.18
 109526594,1,   0,4215,  2.7959, 1624.17,10247.80,59380.18,  0.3910, 14.3781
 109543555,1,   0, 5024.50,  4.3577,  887.71, 5601.04,61828.89,  0.0080, 23.0028
 109570871,1,   0, 5013.75,  4.6265,  815.33, 5144.37,60844.24,  0.5319, 38.3218
 109797362,1,   0,4955,  4.4566,  399.89, 2523.12,61891.61,  0.0694, 13.0685
 109833725,1,   0,5428,  4.3265,  959.32, 6052.93,58579.64,  0.9677, 17.7874
 110119616,1,   0, 4941.33,  4.5927,  476.64, 3007.42,60932.85,  0.8007,  6.3411
 110254483,1,   0, 5736.45,  4.1548, 2663.83,16807.60,59842.16,  0.8101, 26.2963
 110375526,1,   0, 5355.25,  4.5467, 1385.04, 8739.02,59328.77,  0.2406, 96.8267
 110567453,1,   0,5020,  3.7639, 3255.21,20538.98,61203.50,  0.2894,  126.33
 110804451,1,   0,6214,  4.2230, 2953.34,18634.30,59652.20,  0.0554, 32.6397
 110853501,1,   0, 4087.50,  3.8812, 1316.14, 8304.26,60152.74,  0.1033, 19.9153
 110898114,1,   0, 4595.42,  3.4590, 2502.50,15789.72,60948.23,  0.7873, 50.8278
 111476258,1,   0, 5362.50,  4.2349, 1778.41,11221.01,59739.75,  0.8820, 90.4585
 111534587,1,   0,5348,  4.2677, 1542.50, 9732.49,60982.55,  0.2626,  5.7185
 111585004,1,   0,3890,  4.0160, 1287.00, 8120.43,60324.74,  0.9344, 38.0814
 111749811,1,   0, 5510.75,  4.4278,  910.66, 5745.90,59095.39,  0.9659, 16.8295
 111967426,1,   0, 4971.12,  4.3331,  788.52, 4975.22,59909.24,  0.5895, 28.1805
 111970173,1,   0, 4971.33,  4.6119,  879.66, 5550.29,60872.72,  0.4544, 81.0047
 112156585,1,   0, 4739.89,  4.6377, 1139.60, 7190.40,60889.26,  0.8472, 21.0276
 112179995,1,   0, 5058.87,  4.3415, 1027.75, 6484.66,60750.51,  0.5152, 42.5023
 112189560,1,   0,4872,  4.5416,  295.60, 1865.14,59234.55,  0.8340, 29.6282
 112220468,1,   0, 5326.50,  4.4432, 1856.67,11714.77,60349.47,  0.8619, 52.4349
 112416509,1,   0,6860,  4.4102,  606.24, 3825.14,62280.83,  0.2512,  7.1649
 112480891,1,   0, 3572.33,  4.5698,  317.08, 2000.63,59528.28,  0.9167, 33.7615
 112492242,1,   0,4370,  4.5212,  582.61, 3676.05,59797.12,  0.7336, 29.1971
 112663013,1,   0, 4971.33,  4.6119,  879.66, 5550.29,60872.72,  0.4544, 81.0047
 113135626,1,   0, 5316.26,  4.4163, 1005.53, 6344.47,59580.23,  0.0197,  160.69
 113229644,1,   0, 5128.38,  4.2519,  845.74, 5336.24,59961.12,  0.7544, 40.1169
 113322392,1,   0, 5117.39,  3.9181, 2097.76,13235.94,58994.44,  0.6100, 62.2139
 113479215,1,   0, 4990.64,  4.5200, 1416.23, 8935.81,60616.78,  0.9979, 15.4540
 113579886,1,   0, 5167.19,  4.3660,  431.16, 2720.46,62423.28,  0.0558, 38.2046
 113669874,1,   0, 5606.92,  3.8731, 1819.84,11482.39,61627.11,  0.1145, 13.5021
 113818258,1,   0,5329,  4.2405, 1735.51,10950.32,62221.93,  0.7750,  9.7106
 113919546,1,   0, 4931.88,  3.7720, 2486.94,15691.55,61364.86,  0.5470, 60.5766
 114097517,1,   0, 3694.67,  4.4661,  325.40, 2053.16,61646.36,  0.7066, 21.1893
 114131186,1,   0, 5598.75,  4.2644, 1450.33, 9150.94,60371.63,  0.6800,  148.74
 114355932,1,   0,5427,  4.5013,  728.81, 4598.48,61515.96,  0.6848,  4.5667
 114486201,1,   0, 5179.23,  4.0963, 1512.17, 9541.17,61025.07,  0.0280, 23.0483
 114499870,1,   0, 4727.28,  4.6453,  683.53, 4312.76,60765.58,  0.1168, 16.8279
 114804278,1,   0, 4804.28,  4.4998,  666.84, 4207.50,59850.77,  0.3991, 32.2850
 114867451,1,   0, 4188.57,  3.9013, 1565.93, 9880.32,59153.36,  0.2877, 16.2502
 115104967,1,   0, 4978.33,  4.5350,  609.76, 3847.30,61873.20,  0.3256, 32.5862
 115162534,1,   0, 4888.33,  3.9416, 1258.18, 7938.57,59478.19,  0.2484,  4.1581
 115258822,1,   0,5463,  4.3983, 1702.71,10743.36,61762.88,  0.1681, 43.7005
 115694410,1,   0, 4918.33,  4.4894,  731.26, 4613.95,58592.85,  0.2316,  6.9420
 115934535,1,   0, 5380.50,  4.4215, 1401.93, 8845.61,62291.01,  0.6058, 14.4990
 115997608,1,   0,4963,  4.4423, 1265.98, 7987.81,59478.74,  0.0481, 29.3908
 117248685,1,   0,5968,  4.3208,  392.91, 2479.11,61631.94,  0.3612, 26.5246
 117381675,1,   0,4917,  3.7513, 2988.64,18857.06,60522.23,  0.2539, 84.6657
 117726226,1,   0, 5839.67,  4.1722, 1512.63, 9544.05,59650.52,  0.8854, 10.2474
 117864819,1,   0, 5661.34,  4.3638, 1462.42, 9227.22,60011.95,  0.3135, 32.1725
 118045544,1,   0, 3572.33,  4.5698,  317.08, 2000.63,59528.28,  0.9167, 33.7615
 118691448,1,   0, 5295.95,  4.3782, 1694.34,10690.57,58765.78,  0.1173, 14.2294
 119017590,1,   0,5442,  4.4888,  259.08, 1634.69,60932.77,  0.5058, 83.9750
 119095096,1,   0, 5878.76,  4.1330, 1610.31,10160.34,62004.75,  0.3184, 23.9024
 119358252,1,   0,5442,  4.4888,  259.08, 1634.69,60932.77,  0.5058, 83.9750
 119667690,1,   0, 5034.67,  4.5496,  270.03, 1703.77,60936.62,  0.5478,  7.2531
 119728647,1,   0,5968,  4.3208,  392.91, 2479.11,61631.94,  0.3612, 26.5246
 119872221,1,   0, 5690.50,  4.2362,  497.12, 3136.59,62438.64,  0.5055, 38.9236
 120049751,1,   0, 5381.56,  4.5424, 1226.99, 7741.81,61443.01,  0.4185,  160.20
 120192512,1,   0, 5940.45,  4.4830,  200.65, 1265.99,61284.36,  0.7577, 11.5545
 120225874,1,   0, 5327.33,  4.4246, 1290.16, 8140.33,60119.32,  0.7742,  111.81
 120446643,1,   0,6072,  4.6486, 1714.68,10818.88,59524.73,  0.6592, 75.1086
 120490001,1,   0, 4863.67,  4.1309, 1366.12, 8619.64,59963.23,  0.8844,  416.18
 120570446,1,   0,4948,  4.6193, 1024.80, 6466.05,61233.80,  0.9441, 13.1779
 120802427,1,   0, 4016.11,  4.1153, 1388.89, 8763.30,58977.12,  0.0755, 17.7356
 120851674,1,   0, 5122.04,  4.5812,  636.09, 4013.47,61936.49,  0.3859, 23.8312
 120893734,1,   0,4979,  4.5115,  747.44, 4716.03,58652.89,  0.7131, 27.0795
 121010479,1,   0,4933,  4.2110, 1390.82, 8775.48,59219.43,  0.5585, 12.5557
 121179379,1,   0,4355,  4.6373,  769.05, 4852.40,61734.08,  0.8659, 10.5049
 122018797,1,   0,5351,  4.5149, 1589.32,10027.93,59706.99,  0.6357,  4.3822
 122115953,1,   0, 5181.11,  4.2311,  971.72, 6131.16,60933.47,  0.3590, 70.9372
 122485397,1,   0, 4862.12,  4.6186,  532.62, 3360.63,61177.78,  0.0130, 96.8059
 122656132,1,   0, 6057.54,  4.4091, 1506.70, 9506.67,62170.00,  0.3021, 63.8442
 123042423,1,   0,5348,  4.2677, 1542.50, 9732.49,60982.55,  0.2626,  5.7185
 123133294,1,   0,5064,  4.6687,  429.89, 2712.40,60413.27,  0.2753, 24.6291
 123175041,1,   0, 5049.25,  4.4095,  483.79, 3052.53,61791.50,  0.5696, 15.4568
 123317620,1,   0, 3818.50,  2.8643, 2750.28,17353.06,60916.78,  0.2046, 15.6971
 123395110,1,   0, 5891.67,  4.4860,  236.99, 1495.30,60003.53,  0.4006, 49.2999
 123488700,1,   0, 5381.56,  4.5424, 1226.99, 7741.81,61443.01,  0.4185,  160.20
 123532790,1,   0,5769,  4.3240, 1974.72,12459.66,61578.40,  0.9083, 77.0050
 123800291,1,   0, 5362.50,  4.2349, 1778.41,11221.01,59739.75,  0.8820, 90.4585
 123895455,1,   0, 5350.75,  4.5703, 1351.17, 8525.30,59462.53,  0.6607,  9.8894
 124048391,1,   0, 5565.19,  4.0287, 1469.51, 9271.97,59840.88,  0.7407, 15.3736
 124060734,1,   0, 4207.64,  3.9346, 1147.32, 7239.07,60925.06,  0.9526, 30.2678
 124061546,1,   0, 5017.69,  4.2010,  824.88, 5204.63,62418.98,  0.2745,  115.66
 124231012,1,   0,5774,  4.5622, 1571.83, 9917.59,61860.26,  0.9154, 16.8188
 124604910,1,   0, 5143.99,  3.8221, 1178.83, 7437.90,58791.60,  0.1467, 16.9497
 125047980,1,   0,5370,  4.2066, 1425.31, 8993.12,60149.70,  0.2822, 37.1224
 125178227,1,   0,5725,  4.4734,  459.14, 2896.96,62308.17,  0.8967, 21.4360
 125212422,1,   0,5020,  3.7639, 3255.21,20538.98,61203.50,  0.2894,  126.33
 125438488,1,   0, 5126.16,  4.2654,  545.52, 3442.02,61172.45,  0.1470, 10.6257
 125441938,1,   0, 6057.54,  4.4091, 1506.70, 9506.67,62170.00,  0.3021, 63.8442
 125453165,1,   0,5447,  4.4275,  643.25, 4058.65,59586.65,  0.2084, 57.5112
 125522550,1,   0,5384,  4.2852, 2161.69,13639.37,59173.20,  0.6735, 24.8000
 125665164,1,   0, 4890.75,  4.3562,  975.70, 6156.28,60786.26,  0.4141, 25.8472
 125851428,1,   0, 3967.69,  4.1808,  684.88, 4321.33,58836.17,  0.9370, 37.9122
 125891840,1,   0, 5010.50,  3.3426, 2566.08,16190.85,59312.34,  0.2664, 17.3660
 125910457,1,   0,5100,  4.3641,  278.23, 1755.54,62207.71,  0.3125, 68.2392
 125951672,1,   0, 4402.50,  4.4332, 1074.81, 6781.57,61656.05,  0.0381,  261.84
 126133136,1,   0, 4955.86,  4.6572, 1031.57, 6508.74,60353.63,  0.2640, 24.2367
 126587144,1,   0,5343,  4.4115,  924.21, 5831.40,61279.45,  0.0080, 15.5006
 126684061,1,   0, 4978.33,  4.5350,  609.76, 3847.30,61873.20,  0.3256, 32.5862
 126803249,1,   0, 4935.73,  4.3550,  633.31, 3995.93,60103.62,  0.8330, 27.5675
 126817825,1,   0, 6113.81,  4.2535, 2712.23,17113.03,62079.06,  0.4262, 69.6202
 126958172,1,   0, 6114.45,  4.2944, 1593.63,10055.10,60526.21,  0.2016, 32.8295
 127300192,1,   0, 4402.50,  4.4332, 1074.81, 6781.57,61656.05,  0.0381,  261.84
 127495241,1,   0, 5125.23,  4.0752, 1982.95,12511.55,61566.56,  0.9121, 60.1125
 127936573,1,   0, 4812.66,  3.3028, 1736.41,10956.02,61728.44,  0.6799, 37.3968
 128036614,1,   0, 6272.67,  4.2406,  246.08, 1552.63,59516.51,  0.7818, 23.2157
 128530795,1,   0,5810,  4.2423, 1353.18, 8537.99,62410.52,  0.5232,  2.3811
 128665223,1,   0, 6037.95,  4.4730, 1115.70, 7039.58,60606.55,  0.2491, 15.0217
 128712593,1,   0, 5621.02,  4.4831, 1411.23, 8904.28,59147.41,  0.9172, 22.3329
 128983448,1,   0, 3936.70,  4.3432,  830.91, 5242.69,61928.16,  0.4461,  104.15
 129162257,1,   0, 4808.50,  4.6359,  614.70, 3878.52,58957.79,  0.0033, 43.4727
 129210401,1,   0, 5388.67,  4.4346, 1671.96,10549.36,58721.79,  0.8899, 96.1562
 129322904,1,   0, 3809.67,  4.6019,  448.89, 2832.33,58752.00,  0.4307, 48.3142
 129499515,1,   0, 4853.55,  4.5309,  198.63, 1253.29,58723.29,  0.5441,  267.32
 130025812,1,   0,5795,  4.2443, 2541.94,16038.57,61617.39,  0.8670, 45.4348
 130219752,1,   0,4363,  4.5665,  709.77, 4478.37,60608.69,  0.7663, 18.8939
 130451717,1,   0, 4462.50,  4.3352,  539.23, 3402.30,60992.34,  0.9919, 38.0938
 130771604,1,   0,5950,  4.0921, 2931.69,18497.72,60997.55,  0.9188, 64.9281
 130779836,1,   0, 5513.47,  4.1124,  456.60, 2880.95,61678.84,  0.1798, 65.1249
